Código,Nome,Início,Término,Região,País,Setor,Sub-setor,Instituição executora,
BRA/04/044-A282,"Missão de Cooperação Técnica na Área de Agricultura Familiar, para Resgate, Produção e Melhoramento de Sementes Crioulas",10/6/2009,12/31/2009,África,África do Sul; Namíbia; Moçambique,Agricultura,Agroecologia,EMBRAPA; IBASE,
BRA/04/044-A421,Missão de estudos ao Brasil para conhecer os ciclos anuais de plantio e colheita de Sementes Tradicionais/Crioulas,3/18/2010,10/10/2011,África,África do Sul; Namíbia; Moçambique,Agricultura,Pesquisa,,
BRA/98/004-A021,Preparação da visita do Presidente da República do Brasil ao projeto Centro de Formação Profissional Brasil-Angola e desenvolvimento de ações de cooperação técnica no âmbito do referido Projeto - Fase III,6/18/2003,10/31/2003,África,Angola,Educação,Formação Profissional,SENAI,
BRA/04/044-S005,Inserção Social pela prática Esportiva,4/1/2005,9/1/2006,África,Angola,Educação,Educação de Crianças e Adolescentes,ME - Ministério do Esporte,Ajuste Complementar - 19/01/2005
BRA/04/043-S010,"Reorganização, Fortalecimento Institucional e Inovação Metodológica da Extensão Rural como Estratégia de Desenvolvimento Rural Sustentável em Angola",5/1/2005,12/31/2006,África,Angola,Agricultura,Políticas Públicas,EMATER; UFV (Universidade Federal de Viçosa),
BRA/98/004-A043,Apoio à instalação do Telecentro em Angola,7/8/2005,7/30/2005,África,Angola,Administração Pública,Governança Eletrônica,ITI - Instituto Nacional de Tecnologia da Informaçao - Casa Civil; SERPRO,
BRA/98/004-A054,Prospecção da realidade angolana na área da Administração Pública para formulação de projeto de cooperação técnica Brasil-Angola,11/20/2005,12/30/2005,África,Angola,Administração Pública,Políticas Públicas,ESAF,
BRA/04/044-A030,"Identificação das necessidades Angolanas nas áreas de Gestão da Cultura , Recuperação de Acervo Audiovisual e Arquivo Histórico",3/1/2006,4/17/2006,África,Angola,Cultura,Patrimônio Histórico e Artístico,MinC; UFBA,
BRA/04/044-A041,"Identificação das necessidades Angolanas nas áreas de Malária, Saúde da Família, Nutrição, Vigilância em Saúde e Banco de Leite",5/10/2006,6/20/2006,África,Angola,Saúde ,Controle e Prevenção de Doenças,MS,
BRA/04/044-S035,Fortalecimento da Educação Ambiental em Angola,5/31/2006,12/1/2007,África,Angola,Meio Ambiente,Educação Ambiental,MMA,Ajuste Complementar - 03/11/2003
BRA/04/044-A073,"Identificação das necessidades Angolanas nas àrea dos Censos,Pesquisas de Tecnologia de Informação e Planejamento Estratégico",10/9/2006,11/20/2006,África,Angola,Planejamento,Demografia,IBGE,
BRA/04/044-S073,Apoio à Reestruturação do Telecentro de Luanda,6/29/2007,5/31/2009,África,Angola,Desenvolvimento Social,Inclusão Social,,Ajuste Complementar - 03/11/2003
BRA/04/044-A145,Missão de Apoio à Incubadora Empresarial de Luanda,7/19/2007,9/19/2007,África,Angola,Educação,Formação Profissional,ANPROTEC - Associação Nacional de Entidades Promotoras de Empreendimentos Inovadores,
BRA/04/044-ANPROTEC,Missão de Apoio a Pequenas e Médias Empresas em Luanda,7/19/2007,9/19/2007,África,Angola,Cooperação Técnica,Missão de Prospecção/Multidisciplinar,,
BRA/04/044-S083,Capacitação do Sistema de Saúde da República de Angola,9/10/2007,9/11/2008,África,Angola,Saúde ,Políticas Públicas,FIOCRUZ-RJ,
BRA/04/044-A165,"CURSO DE ENFERMAGEM - PROGRAMA DE CAPACITAÇÃO DE RECURSOS HUMANOS PARA O HOPITAL JOSINA MACHEL, LUANDA",10/4/2007,12/2/2007,África,Angola,Saúde ,Políticas Públicas,USP,
BRA/04/044-A172,"Missão de Estudo e Pesquisa para Desenvolvimento de Projeto de Cooperação Técnica na área de Formação Profissional em Angola, no âmbito do Programa de Parceria Brasil-Japão",10/29/2007,7/30/2008,África,Angola,Cooperação Técnica,Missão de Prospecção/Multidisciplinar,SENAI,
BRA/04/044-S091,Capacitação para Elaboração de Proposta Curricular,11/16/2007,3/30/2011,África,Angola,Educação,Ensino Fundamental,SEB/MEC - Secretaria de Educação Básica do MEC,Ajuste Complementar - 18/11/2007
BRA/04/043-A064,"CURSO DE ADMINISTRAÇÃO HOSPITALAR - PROGRAMA DE CAPACITAÇÃO DE RECURSOS HUMANOS PARA O HOPITAL JOSINA MACHEL, LUANDA",11/20/2007,1/20/2008,África,Angola,Saúde ,Políticas Públicas,HSC/SP - Hospital Santa Cruz,
BRA/04/044-A187,Missão de Prospecção para a Implementação de Cooperação Técnica na Produção de Anti-retrovirais,1/3/2008,2/26/2008,África,Angola,Saúde ,Medicamentos,,
BRA/04/044-A191,"CURSO DE ANÁLISE DE LABORATÓRIO - PROGRAMA DE CAPACITAÇÃO DE RECURSOS HUMANOS PARA O HOSPITAL JOSINA MACHEL, LUANDA",2/1/2008,5/15/2008,África,Angola,Saúde ,Gestão Hospitalar,ABC; BRASIL,
BRA/04/043-A072,"Curso técnico de radiologia - programa de capacitação de recursos humanos para o Hospital Josina Machel, Luanda",2/11/2008,5/11/2008,África,Angola,Saúde ,Cooperação Técnica,UNICAMP,
BRA/04/044-S096,Escola de Todos,3/14/2008,6/30/2010,África,Angola,Educação,Educação Especial,SEESP - Secretaria de Educação Especial - MEC,Ajuste Complementar - 18/10/2007
BRA/04/044-A236,"Missão de avaliação final do BRA04/044 - Subprojeto S035: ""Fortalecimento da Educação Ambiental em Angola""",7/17/2008,9/17/2008,África,Angola,Meio Ambiente,Educação Ambiental,,
BRA/04/044-A240,"II CURSO DE ADMINISTRAÇÃO HOSPITALAR - PROGRAMA DE CAPACITAÇÃO DE RECURSOS HUMANOS PARA O HOPITAL JOSINA MACHEL, LUANDA",7/23/2008,12/23/2008,África,Angola,Saúde ,Políticas Públicas,ABC,
BRA/04/044-A253,Missão da Pastoral da Criança para Desenvolvimento e Detalhamento de Projetos de Cooperação Técnica,9/3/2008,12/3/2008,África,Angola,Desenvolvimento Social,Combate à mortalidade infantil,PC - Pastoral da Criança; CNBB ,
BRA/04/044-S126,Fortalecimento da Preservação da Memória e da Produção Audiovisuais de Angola,9/29/2008,6/30/2010,África,Angola,Cultura,Restauração,MinC,Ajuste Complementar - 17/07/2008
BRA/04/044-S127,Fortalecimento da Gestão do Patrimônio Cultural de Angola,9/29/2008,6/30/2010,África,Angola,Cultura,Patrimônio Histórico e Artístico,MinC,Ajuste Complementar - 17/07/2008
BRA/04/044-A270,Missão para Planejamento do Censo Demográfico de 2010 e Desenvolvimento e Detalhamento de Projetos de Cooperação Técnica na Área Demográfica em Angola,10/31/2008,3/31/2009,África,Angola,Planejamento,Estatísticas Gerais,IBGE,
BRA/04/043-A143,Missão de Prospecção de Atividades de Cooperação Técnica com o Governo angolano,1/1/2009,12/31/2009,África,Angola,Desenvolvimento Social,Inclusão Social,,
BRA/04/043-A157,Missão para detalhamento de projeto para continuidade da capacitação do sistema de saúde de Angola,1/24/2009,3/24/2009,África,Angola,Saúde ,Educação Sanitária,FIOCRUZ-RJ,
BRA/04/043-A152,Missão de prospecção para a formulação do projeto Funcionamento Provisório do Centro de Excelência em Desenvolvimento Empresarial – CREDE/Luanda,2/2/2009,2/6/2009,África,Angola,Planejamento,Estratégias de Desenvolvimento,,
BRA/04/043-A204,Missão de Capacitação da Pastoral da Criança a Angola,3/12/2009,7/31/2009,África,Angola,Desenvolvimento Social,Combate à mortalidade infantil,PC - Pastoral da Criança,
BRA/04/044-A306,"Formação de Quadros nos domínios das Metodologias de Ensino, Metodologias qualitativa e quantitativa de Pesquisa Científica",10/15/2009,12/30/2009,África,Angola,Educação,Ensino Superior,UnB,
BRA/04/044-A304,Capacitação de Recursos Humanos na Área da Biblioteconomia,10/15/2009,2/20/2010,África,Angola,Educação,Ensino Superior,LNCC - Laboratório Nacional de Computação Científica,
BRA/04/044-A305,Formação de Quadros nos domínios das Tecnologias Educativas,11/1/2009,12/31/2009,África,Angola,Educação,Ensino Superior,IESCOC - Instituto de Ensino Superior COC,
BRA/04/044-A367,Missão a Angola para finalização e assinatura de projetos de cooperação,2/8/2010,4/1/2010,África,Angola,Saúde ,Controle e Prevenção de Doenças,,
BRA/04/043-A068,II Curso Internacional de Produção Sustentável de Hortaliças (JFY 2007),10/22/2007,5/22/2008,África,Angola; Cabo Verde; Guiné-Bissau; Moçambique; São Tomé e Príncipe,Agricultura,Políticas Públicas,EMBRAPA-HT (Hortaliças),
BRA/98/004-A067,III Curso Internacional de Produção Sustentável de Hortaliças (JFY 2008),9/22/2008,11/22/2008,África,Angola; Cabo Verde; Guiné-Bissau; Moçambique; São Tomé e Príncipe,Agricultura,Horticultura,EMBRAPA-HT (Hortaliças),
BRA/98/004-A002,"Seminário: I Curso Internacional sobre Produção de Frutas Tropicais. ""Programa de Parceria Brasil-Japão(JBPP)""",10/14/2002,11/8/2002,África,Angola; Cabo Verde; Guiné-Bissau; Moçambique; São Tomé e Príncipe; Timor Leste,Seminário,Curso Internacional,Empresa Brasileira de Pesquisa Agropecuária - EMBRAPA,
BRA/98/004-A023,II Curso Internacional sobre cultivo e Processamento de mandioca -Programa de Parceria Brasil-Japão (JBPP),10/6/2003,10/31/2003,África,Angola; Cabo Verde; Guiné-Bissau; Moçambique; São Tomé e Príncipe; Timor Leste,Agricultura,Políticas Públicas,Empresa Brasileira de Pesquisa Agropecuária - EMBRAPA,
BRA/98/004-A048,Curso Internacional para Capacitação de Tutores em Educação a Distância em Saúde Mental e atenção Psicossocial,10/3/2005,12/31/2005,África,Angola; Cabo Verde; Guiné-Bissau; Moçambique; São Tomé e Príncipe; Timor Leste,Educação,Educação à Distância,Fundação Oswaldo Cruz - FIOCRUZ/MS,
BRA/98/004-A050,III curso Internacional sobre Produção de Frutas Tropicais,11/7/2005,12/2/2005,África,Angola; Cabo Verde; Guiné-Bissau; Moçambique; São Tomé e Príncipe; Timor Leste,Agricultura,Políticas Públicas,Empresa Brasileira de Pesquisa Agropecuária - EMBRAPA,
BRA/98/004-A033,II Curso Internacional Sobre Plantio de Frutas Tropicais,10/18/2004,11/12/2004,África,Angola; Cabo Verde; Guiné-Bissau; Moçambique; São Tomé e Príncipe; Timor Leste,Seminário,Curso Internacional,CNPMF/EMBRAPA - Centro Nacional de Pesquisa de Mandioca e Fruticultura Tropical,
BRA/04/044-A056,Apoio à Formação de Quadros de Comunicação Institucional para os Parlamentos dos Países de língua Portuguesa : Técnicas de Jornalismo e Relações Públicas,7/20/2006,9/20/2006,África,Angola; Cabo Verde; Guiné-Bissau; Moçambique; São Tomé e Príncipe; Timor Leste,Indústria e Comércio,Políticas Públicas,APECD - Assessoria de Projetos Especiais da Câmara dos Deputados (Brasil),
BRA/04/044-A057,Oficina de Trabalho sobre Educação de Jovens e Adultos nos Países de Língua Portuguesa,8/1/2006,10/1/2006,África,Angola; Cabo Verde; Guiné-Bissau; Moçambique; São Tomé e Príncipe; Timor Leste,Educação,Formação Profissional,MEC; UNESCO,
BRA/04/044-A193,II CURSO DE CAPACITAÇÃO EM NEGOCIAÇÕES COMERCIAIS INTERNACIONAIS PARA PAÍSES DE LÍNGUA PORTUGUESA,1/2/2008,3/31/2008,África,Angola; Cabo Verde; Guiné-Bissau; Moçambique; São Tomé e Príncipe; Timor Leste,Relações Exteriores,Conferências Internacionais,,
BRA/04/043-A113,IV Curso Internacional sobre Produção de Frutas Tropicais,8/27/2008,2/27/2009,África,Angola; Cabo Verde; Guiné-Bissau; Moçambique; São Tomé e Príncipe; Timor Leste,Agricultura,Fruticultura,EMBRAPA,
BRA/98/004-A083,Missão de Estudos sobre o Sistema Único de Saúde para Países de Língua Portuguesa,11/4/2008,12/30/2008,África,Angola; Cabo Verde; Guiné-Bissau; Moçambique; São Tomé e Príncipe; Timor Leste,Saúde ,SUS,MS,
BRA/04/043-A154,O Brasil e a CPLP na abordagem do tema recursos hídricos: proposta de reunião de trabalho em Istambul,4/10/2009,4/30/2009,África,Angola; Cabo Verde; Guiné-Bissau; Moçambique; São Tomé e Príncipe; Timor Leste,Meio Ambiente,Recursos Hídricos,ANA,
BRA/04/043-A326,Capacitação para diplomatas dos Estados membros da CPLP,7/31/2009,9/30/2010,África,Angola; Cabo Verde; Guiné-Bissau; Moçambique; São Tomé e Príncipe; Timor Leste,Educação,Formação Profissional,IRBr; MRE,
BRA/04/043-A369,Missão de prospecção a Países em Desenvolvimento de Língua Portuguesa no âmbito da comunicação social,9/15/2009,5/15/2010,África,Angola; Cabo Verde; Guiné-Bissau; Moçambique; São Tomé e Príncipe; Timor Leste,Comunicações,Telecomunicações,EBC-Empresa Brasileira de Comunicação,
BRA/04/044-A108,Apoio à Estruturação de Rede de Bibliotecas na Área da Saúde em Angola e em Moçambique,2/16/2007,4/16/2007,África,Angola; Moçambique,Saúde ,Políticas Públicas,,
BRA/04/043-A059,(2) Missão de Formulação de Projeto ABC/EMBRAPA e JICA visando a definição do Conteúdo do Curso Internacional de Produção e Processamento da Mandioca,8/8/2007,11/8/2007,África,Angola; Moçambique,Agricultura,Políticas Públicas,CNPMF/EMBRAPA - Centro Nacional de Pesquisa de Mandioca e Fruticultura Tropical,
BRA/04/043-A334,(2) II Congresso Internacional Software Livre e Governo Eletrônico – Consegi 2009,8/1/2009,9/30/2009,África,Angola; São Tomé e Príncipe,Administração Pública,Governança Eletrônica,SERPRO,
BRA/04/044-A111,Missão de Cooperação Técnica para Apresentação de Propostas na Área Agrícola,3/22/2007,4/30/2007,África,Argélia,Agricultura,Políticas Públicas,,
BRA/04/044-A112,Missão de Cooperação Técnica para Apresentação de Propostas na Área de Tratamento de Queimados,3/30/2007,5/10/2007,África,Argélia,Saúde ,Cooperação Técnica,,
BRA/04/044-A133,Missão de Prospecção de Cooperação Técnica na Área de Artesanato de Pedras Semipreciosas,6/1/2007,7/1/2007,África,Argélia,Minas e Energia,Mineração,"ABRAGEM - Associação Brasileira dos Pequenos e Médios Produtores de Gemas, Joias e Similar",
BRA/04/044-A134,Missão de Prospecção de Cooperação Técnica na Área de Cirurgia Cardíaca,6/13/2007,7/1/2007,África,Argélia,Cooperação Técnica,Missão de Prospecção/Multidisciplinar,,
BRA/04/044-A173,Inspeção dos hospitais e equipamentos para procedimentos cirúrgicos pediátricos na Argélia,11/1/2007,12/31/2007,África,Argélia,Saúde ,Políticas Públicas,INCL - Instituto Nacional de Cardiologia Laranjeiras,
BRA/04/044-A174,Capacitação Técnica em Procedimentos Cirúrgicos Cardíacos Pediátricos,11/1/2007,12/31/2007,África,Argélia,Saúde ,Políticas Públicas,INCL - Instituto Nacional de Cardiologia Laranjeiras,
BRA/04/044-A199,Capacitação Técnica em Procedimentos Cirúrgicos Cardíacos Pediátricos,3/1/2008,4/20/2008,África,Argélia,Saúde ,Políticas Públicas,INCL - Instituto Nacional de Cardiologia Laranjeiras,
BRA/04/044-A222,Detalhamento de Documento de Projeto para Continuidade da Capacitação Técnica em Procedimentos Cirúrgicos Cardíacos Pediátricos,5/23/2008,7/31/2008,África,Argélia,Saúde ,Políticas Públicas,INCL - Instituto Nacional de Cardiologia Laranjeiras,
BRA/04/044-A267,Capacitação Técnica em Procedimentos Cirúrgicos Cardíacos Pediátricos - 5ª missão,10/28/2008,12/31/2008,África,Argélia,Saúde ,Cardiologia,INCL - Instituto Nacional de Cardiologia Laranjeiras,
BRA/04/043-A116,Apoio à revitalização do Viaduto Sidi-Rached de Constantine – peritagem das estruturas e fundações da obra,11/4/2008,1/15/2009,África,Argélia,Cidades,Urbanismo,IPT - Instituto de Pesquisa Tecnológica,
BRA/04/043-A226,Capacitação Técnica em Procedimentos Cirúrgicos Cardíacos Pediátricos,3/9/2009,6/30/2009,África,Argélia,Saúde ,Cardiologia,-,
BRA/04/044-A350,"Missão de apresentação das experiências brasileiras na área de produção de gemas lapidadas, jóias e artesanato mineral",1/20/2010,2/20/2010,África,Argélia,Trabalho e Emprego,Reocupação Laboral,ABRAGEM,
BRA/04/044-A338,Missão de prospecção de projetos na área de Pecuária,1/20/2010,2/28/2010,África,Argélia,Pecuária,Bovinocultura,UFV - Universidade Federal de Viçosa,
BRA/04/044-A476,Missão de Prospecção de Projetos na Área da Agricultura,6/1/2010,7/31/2010,África,Argélia,Agricultura,Políticas Públicas,CODEVASF; EMBRAPA,
BRA/04/044-A022,Identificação das necessidades Beninenses na área da Cotonicultura,2/8/2006,4/3/2006,África,Benin,Agricultura,Cotonicultura,EMBRAPA,
BRA/04/044-A101,"Missão para o detalhamento de Projetos de Cooperação Técnica nas Áreas da Saúde, Desenvolvimento Social e Agricultura",1/30/2007,3/30/2007,África,Benin,Saúde ,Controle e Prevenção de Doenças,EMBRAPA; MAPA; MS; MDS,
BRA/04/044-A123,Visita Técnica na Área da Cotonicultura - Benin,5/8/2007,6/25/2007,África,Benin,Agricultura,Cotonicultura,,
BRA/04/044-A142,Visita de Estudos ao Programa Bolsa Família,7/5/2007,9/5/2007,África,Benin,Desenvolvimento Social,Inclusão Social,,
BRA/04/044-A141,Visita de Estudos ao Programa Nacional de DST e AIDS,7/6/2007,11/6/2007,África,Benin,Saúde ,DST/AIDS,,
BRA/04/044-A152,Apoio à Identificação das Culturas Viáveis para a Produção de Biodiesel,8/20/2007,10/19/2007,África,Benin,Minas e Energia,Matriz Energética,MAPA,
BRA/04/043-A062,"Treinamento de Médicos e Farmacêuticos Bioquímicos em Tratamento e Diagnóstico Parasitológico de Malária, com Controle de Qualidade",11/12/2007,12/30/2007,África,Benin,Saúde ,Controle e Prevenção de Doenças,MS,
BRA/98/004-A076,Capacitação na modalidade vôlei para promover a inclusão social no Benin,10/15/2008,12/15/2008,África,Benin,Esporte,Educação de Crianças e Adolescentes,"CBV; ONG ""Escola de Vôlei do Betinho""",
BRA/04/043-A284,Visita de profissionais beninenses ao Brasil para conhecer a experiência brasileira em Doença Falciforme,6/3/2009,8/31/2009,África,Benin,Saúde ,Controle e Prevenção de Doenças,MS,
BRA/04/044-A524,Missão técnica beninense para conhecer a experiência brasileira na área de cooperativas agrícolas e formação profissional,6/8/2010,12/6/2010,África,Benin,Agricultura,Políticas Públicas,MEC,
BRA/04/044-A235,Reunião na Embrapa Algodão para detalhamento de atividades de cooperação com o Cotton-4,7/16/2008,12/31/2008,África,Benin; Burkina-Faso; Chade; Mali,Agricultura,Políticas Públicas,EMBRAPA,
BRA/04/043-A192,Missão da Embrapa para definição das providências preliminares necessárias à implementação do Projeto Cotton-4,3/1/2009,4/30/2009,África,Benin; Burkina-Faso; Chade; Mali,Agricultura,Cotonicultura,,
BRA/04/044-A496,"Apresentação do Programa “Apoio ao Desenvolvimento do Setor Algodoeiro dos Países do C-4 (Benin, Burkina Faso, Chade e Mali)” na 13ª Reunião do Mecanismo Consultivo do Algodão na Organização Mundial do Comércio",6/1/2010,8/30/2010,África,Benin; Burkina-Faso; Chade; Mali,Agricultura,Cotonicultura,EMBRAPA,
BRA/04/044-A504,Missão dos Representantes do Cotton-4 na OMC ao Brasil para conhecer a experiência brasileira no setor algodoeiro,6/2/2010,12/2/2010,África,Benin; Burkina-Faso; Chade; Mali,Agricultura,Cotonicultura,EMBRAPA,
BRA/04/044-A208,"Missão aos países do Cotton-4 (Benin, Mali e Burkina-Faso) para detalhamento de programa de cooperação no setor cotonícola",4/16/2008,6/30/2008,África,Benin; Burkina-Faso; Mali,Agricultura,Políticas Públicas,,
BRA/04/043-A342,Missão Multidisciplinar às Repúblicas do Benin e Togo para Detalhamento de Projetos de Cooperação Técnica,8/14/2009,2/14/2010,África,Benin; Togo,Cultura,Patrimônio Histórico e Artístico,IPHAN; MEC; OLODUM,
BRA/04/044-A128,TREINAMENTO PARA TRATAMENTO E ASSISTÊNCIA EM HIV e AIDS,5/14/2007,6/14/2007,África,Botsuana,Saúde ,DST/AIDS,MS-SVS-DST/AIDS,
BRA/04/044-A166,MISSÃO DE DETALHAMENTO DE PROJETO DE COOPERAÇÃO TÉCNICA NA ÁREA DE SAÚDE (HIV/AIDS),10/15/2007,12/15/2007,África,Botsuana,Saúde ,DST/AIDS,,
BRA/04/043-A074,INTERCÂMBIO ESPORTIVO COMO FORTALECIMENTO DAS RELAÇÕES BILATERAIS,3/25/2008,5/15/2008,África,Botsuana,Esporte,Educação de Crianças e Adolescentes,,
BRA/04/044-A290,Missão para detalhamento e negociação de projetos de cooperação técnica,10/15/2009,2/15/2010,África,Botsuana,Agricultura,Pesquisa,,
BRA/04/044-A418,Participação de representantes de instituições brasileiras na Comissão Mista Brasil-Botsuana,3/10/2010,7/1/2010,África,Botsuana,Saúde ,Controle e Prevenção de Doenças,,
BRA/04/044-A447,"Oficina de Trabalho para o Fortalecimento da parceria entre os Governos de Gana, Tanzânia, Quênia, Zâmbia e Botsuana e sociedade civil",4/15/2010,7/30/2010,África,Botsuana; Gana; Quênia; Tanzânia; Zâmbia,Saúde ,DST/AIDS,MS,
BRA/04/043-A206,"Intercâmbio de experiências na área de DST/Aids entre o governo brasileiro e os governos de Botsuana, Quênia e Zâmbia",3/10/2009,5/10/2009,África,Botsuana; Quênia; Zâmbia,Saúde ,DST/AIDS,PNDST/AIDS,
BRA/04/044-A024,Identificação das necessidades Burquinenses na área da Cotonicultura,2/8/2006,4/3/2006,África,Burquina Faso,Agricultura,Cotonicultura,EMBRAPA,
BRA/04/044-A125,Visita Técnica na Área da Cotonicultura - Burquina Faso,5/8/2007,6/25/2007,África,Burquina Faso,Agricultura,Cotonicultura,,
BRA/98/004-A066,Missão de Estudos ao Brasil - Sistema Único de Saúde,9/23/2008,11/23/2008,África,Burquina Faso,Saúde ,SUS,MS,
BRA/04/043-A149,Missão de Prospecção na Área de Saúde ao Burkina Faso,2/1/2009,3/31/2009,África,Burquina Faso,Saúde ,Controle e Prevenção de Doenças,FIOCRUZ-RJ,
BRA/04/044-A281,Missão de apresentação e validação de projetos nas áreas de Saúde e Pecuária,10/1/2009,12/1/2009,África,Burquina Faso,Saúde ,Controle e Prevenção de Doenças,EMBRAPA; FIOCRUZ-RJ;MS,
BRA/04/044-A489,Missão de delegação do Burkina Faso ao Brasil no contexto da “Conferência Internacional Infanto - Juvenil: Vamos Cuidar do Planeta,5/24/2010,6/30/2010,África,Burquina Faso,Meio Ambiente,Educação Ambiental,MEC,
BRA/04/044-A577,Visita de estudos ao Brasil para intercâmbio de conhecimentos em agricultura no semi-árido,8/1/2010,12/1/2010,África,Burquina Faso,Agricultura,Agricultura Familiar,ABC,
BRA/04/044-A612,Visita da Agência Nacional de Vigilância Sanitária a Burkina Faso,9/1/2010,12/1/2010,África,Burquina Faso,Saúde ,Vigilância Sanitária,,
BRA/04/044-A157,"Missão de diagnóstico na área de agricultura e biocombustíveis na República Democrática do Congo, na República do Congo, em Burkina-Faso e no Mali",9/11/2007,12/11/2007,África,Burquina Faso; Mali; República Democrática do Congo; República do Congo,Agricultura,Políticas Públicas,,
BRA/04/044-A160,"Missão de diagnóstico na área de Saúde na República Democrática do Congo, na República do Congo e em Burkina-Faso",9/17/2007,12/11/2007,África,Burquina Faso; República Democrática do Congo; República do Congo,Saúde ,Controle e Prevenção de Doenças,,
BRA/98/004-A010,Fortalecimento do sistema de formação profissional do Instituto de Emprego e formação Profissional do Ministério do Trabalho e Solidariedade de Cabo Verde,1/1/2003,6/30/2003,África,Cabo Verde,Educação,Políticas Públicas,SENAI,
BRA/98/004-S056,Projeto Piloto de Dessalinização em Ribeira da Barca,1/1/2004,12/31/2005,África,Cabo Verde,Meio Ambiente,Recursos Hídricos,SEDUR - Secretaria de Desenvolvimento Urbano da Bahia,
BRA/04/044-S004,Fortalecimento e capacitação técnica de Recursos Humanos para o Sistema de Formação Profissonal de Cabo Verde,9/1/2004,7/30/2008,África,Cabo Verde,Educação,Formação Profissional,SENAI,
BRA/98/004-A040,"Apoio ao Projeto ""Programa Alfabetização Solidária em Cabo Verde"" para pagamento de Bolsa-Auxílio",1/1/2005,1/14/2005,África,Cabo Verde,Educação ,Políticas Públicas,AAPAS - Associação de Apoio ao Programa Alfabetização Solidária (Brasil),
BRA/04/044-S002,Programa Alfabetização Solidária em Cabo Verde -Fase III,2/1/2005,2/1/2006,África,Cabo Verde,Educação,Alfabetização,AAPAS - Associação de Apoio ao Programa Alfabetização Solidária (Brasil),
BRA/98/004-A047,"Formação Sobre Segurança, Higiene e Saúde no Trabalho e Prevenção de Riscos Profissionais",8/10/2005,10/10/2005,África,Cabo Verde,Trabalho e Emprego,Segurança no Trabalho,FUNDACENTRO - Fundação Jorge Duprat Figueiredo de Segurança e Medicina do Trabalho - Brasil,
BRA/98/004-A051,"Apoio à validação do ""Programa Estratégico para a Sociedade de Informação"" e do Plano de acção para a Governação Eletrônica de Cabo-Verde",10/10/2005,11/10/2005,África,Cabo Verde,Administração Pública,Governança Eletrônica,SERPRO,
BRA/04/044-S024,Escola de Todos,4/7/2006,4/7/2007,África,Cabo Verde,Educação,Educação Especial,SEESP - Secretaria de Educação Especial - MEC,
BRA/04/044-A047,"Apoio à missão técnica para elaboração de projetos de Cooperação Técnica nas áreas de Engenharia Rural,Agricultura e Pecuária",7/10/2006,8/10/2006,África,Cabo Verde,Cooperação Técnica,Missão de Prospecção/Multidisciplinar,EMBRAPA,
BRA/04/044-A069,"Formação sobre Segurança, Higiene e Saúde no Trabalho e Prevenção de Riscos Profissionais",9/20/2006,11/20/2006,África,Cabo Verde,Trabalho e Emprego,Segurança no Trabalho,FUNDACENTRO - Fundação Jorge Duprat Figueiredo de Segurança e Medicina do Trabalho - Brasil,
BRA/04/044-A094,Missão de Prospecção para Elaboração de Projeto de Cooperação Técnica nas áreas de malária e anemia falciforme,11/27/2006,12/30/2006,África,Cabo Verde,Saúde ,Controle e Prevenção de Doenças,MS,
BRA/04/044-A104,Missão de prospecção para elaboração de diagnósticos na área de alimentação escolar,1/25/2007,3/25/2007,África,Cabo Verde,Educação ,Merenda Escolar,,
BRA/04/044-A140,Missão de Diagnóstico na área de Vigilância Sanitária,6/29/2007,9/29/2007,África,Cabo Verde,Saúde ,Vigilância Sanitária,ANVISA,
BRA/04/044-S079,Formação Profissional na área de Turismo e Hotelaria,7/1/2007,12/31/2008,África,Cabo Verde,Educação,Formação Profissional,MEC,
BRA/04/044-A138,Formação profissional na área de turismo e hotelaria - Camareira,7/2/2007,10/2/2007,África,Cabo Verde,Educação,Formação Profissional,,
BRA/04/044-A146,Programa de Capacitação e Estágio Profissional Para Jovens Advogados Cabo-Verdianos no Brasil,7/20/2007,10/20/2007,África,Cabo Verde,Educação,Formação Profissional,,
BRA/04/044-A163,Formação de Agentes Públicos e Sociais de Cabo Verde para a Prevenção de Acidentes do Trabalho,10/2/2007,11/20/2007,África,Cabo Verde,Trabalho e Emprego,Segurança no Trabalho,FUNDACENTRO - Fundação Jorge Duprat Figueiredo de Segurança e Medicina do Trabalho - Brasil,
BRA/04/044-A189,Formação Profissional em Turismo e Hotelaria– Cozinha e Restaurante/Bar,1/11/2008,4/11/2008,África,Cabo Verde,Educação,Formação Profissional,CEFET,
BRA/04/044-A190,Missão de Diagnóstico na área da Saúde – Atenção Básica,1/11/2008,4/11/2008,África,Cabo Verde,Cooperação Técnica,Missão de Prospecção/Multidisciplinar,,
BRA/04/044-S097,Apoio ao Fortalecimento Institucional do INIDA,3/12/2008,1/31/2012,África,Cabo Verde,Agricultura,Políticas Públicas,EMBRAPA,Ajuste Complementar - 13/09/2007
BRA/04/044-S099,Apoio ao Desenvolvimento da Caprino-ovinocultura em Cabo Verde,3/12/2008,1/31/2012,África,Cabo Verde,Agricultura,Políticas Públicas,EMBRAPA,Ajuste Complementar - 13/09/2007
BRA/04/044-A216,Prospecção para Implantação de Banco de Leite Humano,5/2/2008,6/30/2008,África,Cabo Verde,Saúde ,Nutrição e Alimentação,FIOCRUZ-RJ,
BRA/04/044-S109,Consolidação da ARFA como agente regulador dos setores farmacêutico e alimentar visando ao fortalecimento de sua capacidade institucional,7/11/2008,2/11/2011,África,Cabo Verde,Saúde ,Vigilância Sanitária,ANVISA,Ajuste Complementar - 12/03/2008
BRA/04/044-A237,Intercâmbio de Experiências na área de estatística,7/15/2008,8/30/2008,África,Cabo Verde,Educação,Políticas Públicas,IBGE,
BRA/04/044-A239,Capacitação de técnicos e professores de alunos com necessidades especiais,7/20/2008,8/20/2008,África,Cabo Verde,Educação,Educação Especial,SEPESP (Secretaria de Educação Especial - Min. Da Educação,
BRA/04/044-A250,Intercâmbio de experiências na área de estatística II,8/25/2008,9/20/2008,África,Cabo Verde,Planejamento,Estatísticas Gerais,IBGE,
BRA/04/044-S118,Fortalecimento e Capacitação Técnica de Recursos Humanos para o Sistema de Formação Profissional de Cabo-Verde - Fase II,9/1/2008,10/1/2010,África,Cabo Verde,Educação,Formação Profissional,SENAI,Ajuste Complementar - 27/06/2008
BRA/04/043-S062,Apoio ao Programa Nacional de Cantinas Escolares de Cabo Verde -Fase I– Fortalecimento do ICASE,9/9/2008,12/30/2011,África,Cabo Verde,Educação,Merenda Escolar,FNDE/MEC,Ajuste Complementar - 12/03/2008
BRA/98/004-A075,Capacitação para Implementação da Base Cartográfica Censitária de Censo Demográfico de Cabo Verde,10/25/2008,11/25/2008,África,Cabo Verde,Planejamento,Estatísticas Gerais,IBGE,
BRA/04/044-A276,Missão de desdobramento da avaliação atuarial de Cabo Verde e de elaboração de projeto de cooperação em políticas de investimento para o Instituto Nacional de Previdência Social,11/18/2008,1/16/2009,África,Cabo Verde,Desenvolvimento Social,Previdência Social,MPS,
BRA/04/043-S090,Fortalecimento Institucional do Instituto de Emprego e Formação Profissional - IEFP,1/29/2009,12/30/2012,África,Cabo Verde,Educação,Formação Profissional,"IFECTG - Inst. Fed. De Educação, Ciência e Tecnologia de Goiás; SETEC/MEC",
BRA/04/043-A163,Capacitação para a Atualização da Cartografia Censitária de Verde,2/8/2009,3/8/2009,África,Cabo Verde,Planejamento,Demografia,IBGE,
BRA/04/043-A253,Missão de Acompanhamento à Formação de Coordenadores de Cursos de Educação Especial a Distância em Cabo Verde,5/20/2009,6/20/2009,África,Cabo Verde,Educação,Formação Profissional,ABC,Ajuste Complementar - 12/03/2008
BRA/04/043-A320,Missão Técnica a Praia para Apoiar o Planejamento e Implantação de um Laboratório de Saúde Pública em Cabo Verde,7/24/2009,10/24/2009,África,Cabo Verde,Saúde ,Vigilância Sanitária,ANVISA,
BRA/04/043-A348,Missão para acompanhamento do pré-Censo 2010 de Cabo Verde,8/21/2009,11/21/2009,África,Cabo Verde,Planejamento,Estatísticas Gerais,IBGE,
BRA/04/043-A347,Missão de Acompanhamento do Censo Experimental de Cabo Verde,8/21/2009,12/21/2009,África,Cabo Verde,Planejamento,Estatísticas Gerais,IBGE,
BRA/04/044-A297,Missão de prospecção de projetos na área de Habitação em Cabo Verde,10/22/2009,12/22/2009,África,Cabo Verde,Cidades,Habitação,CAIXA,
BRA/04/044-A345,Capacitação em Técnicas Militares de Oficiais Caboverdianos no Exército Brasileiro,1/13/2010,1/13/2011,África,Cabo Verde,Educação,Formação Profissional,MIN. Defesa,
BRA/04/044-A407,Apoio ao Programa de Cooperação Brasil-Cabo Verde,3/11/2010,5/30/2012,África,Cabo Verde,Administração Pública,Gestao de Cooperação Técnica,ABC,
BRA/04/044-S203,Apoio ao Desenvolvimento Habitacional de Cabo Verde,5/21/2010,9/21/2011,África,Cabo Verde,Cidades,Habitação,CAIXA; MINCIDADES,Ajuste Complementar - 20/04/2010
BRA/04/043-A379,Missão de prospecção a Cabo Verde e São Tomé e Príncipe no âmbito da Gestão das Águas,10/1/2009,10/30/2009,África,Cabo Verde; São Tomé e Príncipe,Meio Ambiente,Recursos Hídricos,GOV-BA,
BRA/04/044-S089,APOIO AO PROGRAMA DE PREVENÇÃO E CONTROLE DE MALÁRIA,11/21/2007,12/31/2008,África,Camarões,Saúde ,Controle e Prevenção de Doenças,MS,
BRA/04/044-A126,Visita Técnica na Área da Cotonicultura - Chade,5/8/2007,6/25/2007,África,Chade,Agricultura,Cotonicultura,,
BRA/04/043-A032,Missão de Prospecção para Desenvolvimento de Projeto de Cooperação Técnica na Área de Semi-Árido e Recursos Hídricos entre o Brasil e Países Árabes,1/29/2007,1/31/2007,África,Egito,Cooperação Técnica,Missão de Prospecção/Multidisciplinar,EMBRAPA,
BRA/04/043-A058,"Visita técnica de representantes dos Ministérios do Meio Ambiente de Antígua e Barbuda, da Costa Rica e do Egito para intercàmbio de conhecimentos na área de preservação ambiental",8/24/2007,9/10/2007,África,Egito,Meio Ambiente,Preservação dos Ecossistemas,,
BRA/04/044-A210,INTERCÂMBIO DE TÉCNICAS DE PRODUÇÃO NO SEMI-ÁRIDO ENTRE O BRASIL E A UNIÃO AFRICANA,4/23/2008,5/23/2008,África,Etiópia,Agricultura,Políticas Públicas,EMBRAPA,
BRA/98/004-A029,Participação de técnico da EMBRAPA na missão de negociação de projeto no setor da Mandioca no Gabão,6/22/2004,7/20/2004,África,Gabão,Agricultura,Políticas Públicas,EMBRAPA,
BRA/04/044-A286,Reciclagem de especialistas do Gabão no melhoramento genético e no processamento da cultura da mandioca,10/14/2009,3/30/2010,África,Gabão,Agricultura,Horticultura,EMBRAPA,
BRA/04/044-A552,Missão do Governo Liberiano para Participação no Workshop da FUNDAP sobre Atendimento ao Púbico na Administração Pública,7/23/2010,10/23/2010,África,Gabão,Administração Pública,Gestao de Cooperação Técnica,FUNDAP ,
BRA/04/044-A589,Missão de Prospecção de Cooperação Técnica e Científica na Área de Preservação Marinha,8/28/2010,12/31/2010,África,Gabão,Meio Ambiente,Preservação dos Ecossistemas,ICMBio,
BRA/04/044-A035,Apoio à missão técnica para elaboração de projetos de cooperação técnica na área de cultivo e manejo de frutíferas na Gâmbia,3/20/2006,4/25/2006,África,Gâmbia,Agricultura,Políticas Públicas,EMBRAPA,
BRA/98/004-A037,Participação de técnicos da companhia de Pesquisa de Recursos Minerais na Missão de Negociação de Projeto no Setor da Indústria do Sal em Gana,11/25/2004,12/15/2004,África,Gana,Indústria e Comércio,Indústria de Alimentos,CPRM - Companhia de Pesquisa de Recursos Minerais,
BRA/04/044-A159,Missão de Prospecção Multidisciplinar para Definição de Projetos de Cooperação Técnica com Gana,9/19/2007,10/10/2007,África,Gana,Cooperação Técnica,Missão de Acompanhamento,,
BRA/04/044-A203,MISSÃO DE DELEGAÇÃO GANENSE PARA DEFINIÇÃO DE COOPERAÇÃO TÉCNICA NA ÁREA MÉDICO-HOSPITALAR MILITAR,4/1/2008,7/31/2008,África,Gana,Saúde ,Gestão Hospitalar,HCE/Min. DEFESA - Hospital Central do Exército,
BRA/04/043-A237,Missão à República de Gana para Detalhamento de Projeto de Cooperação Técnica na área de Anemia Falciforme,4/15/2009,10/15/2009,África,Gana,Saúde ,Controle e Prevenção de Doenças,MS; UFMG,
BRA/04/043-A327,Capacitação de Técnicos Ganenses em Procedimentos Laboratoriais e Triagem Neonatal para Hemoglobinopatias,7/31/2009,12/31/2009,África,Gana,Saúde ,Controle e Prevenção de Doenças,UFMG,
BRA/04/043-A329,Missão na área de Anemia Falciforme,8/3/2009,2/3/2010,África,Gana,Saúde ,Controle e Prevenção de Doenças,MS; UFMG,
BRA/04/044-A509,Participação no 1º Congresso Global de Doença Falciforme,7/15/2010,11/1/2010,África,Gana,Saúde ,Controle e Prevenção de Doenças,MS,
BRA/04/044-A567,Fortalecimento das ações de cooperação na área de turismo,8/6/2010,11/6/2010,África,Gana,Indústria e Comércio,Turismo,Mtur,
BRA/04/044-A627,Missão de Prospecção para Construção de Hemocentro em Gana,10/29/2010,1/29/2011,África,Gana,Saúde ,Controle e Prevenção de Doenças,HEMOMINAS; MS; UFMG,
BRA/04/044-A274,Missão de Capacitação da Pastoral da Criança à Guiné CONACRI,11/12/2008,3/1/2010,África,Guiné,Saúde ,Nutrição e Alimentação,PC - Pastoral da Criança,
BRA/04/044-A466,Capacitação para Diplomatas da Guiné Equatorial,5/7/2010,7/7/2011,África,Guiné Equatorial,Educação,Formação Profissional,IRBr,
BRA/98/004-S044,Centro de Formação Profissional e Promoção Social Bissau,8/25/2003,8/25/2005,África,Guiné-Bissau,Educação,Formação Profissional,SENAI,
BRA/98/004-A036,Cultivo de Arroz irrigado em Guiné-Bissau,9/1/2004,11/30/2004,África,Guiné-Bissau,Agricultura,Políticas Públicas,EPAGRI - Empresa de Pesquisa Agropecuária e Extensão Rural (SC),
BRA/04/044-S013,Centro de Formação Profissional e Promoção de Social de Bissau,7/1/2005,7/1/2007,África,Guiné-Bissau,Educação,Formação Profissional,SENAI,
BRA/04/044-A016,Missão de Prospecção para Desenvolvimento de Projeto de Cooperação Técnica na Área de Agricultura entre o Brasil e a Guiné Bissau,11/9/2005,11/16/2005,África,Guiné-Bissau,Agricultura,Políticas Públicas,EMBRAPA,
BRA/04/044-A020,Apoio ao Fortalecimento da Assembléia Nacional Popular Bissau-Guineense,2/1/2006,4/10/2006,África,Guiné-Bissau,Legislativo,Fortalecimento da Democracia,INTERLEGIS - Senado Federal - Programa Interlegis,
BRA/04/044-A032,Apoio à formação de quadros para o Governo da Guiné-Bissal,3/14/2006,4/15/2006,África,Guiné-Bissau,Educação,Formação Profissional,DEAF - Departamento de África (Brasil),
BRA/04/044-A031,Apoio ao Fortalecimento do Programa de Formação de Professores em exercício do Ministério da Educação da Guiné-Bissau,4/10/2006,5/15/2006,África,Guiné-Bissau,Educação,Formação Profissional,SEED/MEC - Secretaria de Educação à Distância do MEC,
BRA/04/044-A068,Missão Exploratória para Elaboração de Projeto de Cooperação Técnica na Área de Ensino Técnico Agroindustrial,9/20/2006,11/20/2006,África,Guiné-Bissau,Educação,Formação Profissional,MEC,
BRA/04/044-A067,Missão Exploratória para elaboração de Projetos de Cooperação Técnica nas Áreas de Educação à distância e Ensino da Língua Portuguesa,9/20/2006,12/20/2006,África,Guiné-Bissau,Educação,Educação à Distância,UnB,
BRA/04/044-A099,Missão de Prospecção para Elaboração de Projetos de Cooperação Técnica nas áreas de Malária e Anemia Falciforme,1/24/2007,3/24/2007,África,Guiné-Bissau,Saúde ,Controle e Prevenção de Doenças,,
BRA/04/044-A100,Missão para Desenvolvimento e Detalhamento de Projetos de Cooperação em Guiné Bissau - Pastoral da Criança ,1/31/2007,4/15/2007,África,Guiné-Bissau,Desenvolvimento Social,Direitos Humanos,PC - Pastoral da Criança,
BRA/04/044-A107,Missão de Diagnóstico na área de Formação Profissional em Contabilidade e Administração,2/9/2007,5/9/2007,África,Guiné-Bissau,Educação ,Formação Profissional,MEC; UTFPR,
BRA/04/044-A139,Transferência da Metodologia do Sistema de Informação da Pastoral da Criança para a Guiné-Bissau,6/29/2007,9/29/2007,África,Guiné-Bissau,Desenvolvimento Social,Combate à mortalidade infantil,PC - Pastoral da Criança; CNBB ,
BRA/04/044-A192,Apoio ao fortalecimento da Assembléia Nacional Popular bissau-guineense,1/15/2008,1/15/2008,África,Guiné-Bissau,Legislativo,Fortalecimento da Democracia,INTERLEGIS - Senado Federal - Programa Interlegis,
BRA/04/044-A196,Missão de apoio ao Governo da Guiné-Bissau para apresentação a Comissão de Construção de Paz da ONU,2/11/2008,3/11/2008,África,Guiné-Bissau,Administração Pública,Governança,,
BRA/04/044-A217,Apoio ao Fortalecimento da Gestão Pública em Guiné-Bissau e Angola,4/30/2008,5/31/2008,África,Guiné-Bissau,Administração Pública,Políticas Públicas,ENAP,
BRA/04/044-A214,Apoio ao Centro de Formação Profissional e Promoção Social de Bissau,5/9/2008,9/10/2008,África,Guiné-Bissau,Educação,Formação Profissional,SENAI (São Paulo; Brasil),
BRA/04/044-A225,Missão de Prospecção à Guiné-Bissau para elaboração de Projetos de Cooperação,5/30/2008,7/30/2008,África,Guiné-Bissau,Cooperação Técnica,Missão de Prospecção/Multidisciplinas,UFV - Universidade Federal de Viçosa,
BRA/04/044-S103,Fortalecimento da Assembléia Nacional Popular Bissau-Guineense,6/6/2008,1/6/2009,África,Guiné-Bissau,Legislativo,Fortalecimento da Democracia,INTERLEGIS - Senado Federal - Programa Interlegis,Ajuste Complementar - 09/06/2008
BRA/04/044-S110,Apoio a Reestruturação dos Cursos de Educação Profissional em contabilidade e Administração do Centro de Formação Administrativa de Guiné-Bissau - CENFA,7/25/2008,12/30/2011,África,Guiné-Bissau,Educação,Formação Profissional,SETEC/MEC; UTFPR,Ajuste Complementar - 18/06/2008
BRA/98/004-A065,Missão de Prospecção a Guiné-Bissau para formulação da política pública nacional de registro civil,9/22/2008,11/22/2008,África,Guiné-Bissau,Administração Pública,Governança,SDH-PR,
BRA/04/043-A282,Missão de Apoio as Eleições Presidenciais da Guiné-Bissau,6/2/2009,9/1/2009,África,Guiné-Bissau,Justiça,Justiça Eleitoral,TSE,
BRA/04/044-A292,Missão para Apoiar a Reabertura da Universidade Amilcar Cabral,10/16/2009,12/16/2009,África,Guiné-Bissau,Educação,Ensino Superior,CAPES,
BRA/04/044-A339,Missão de Prospecção a Guiné-Bissau para formulação da política pública nacional de registro civil,1/4/2010,3/4/2010,África,Guiné-Bissau,Desenvolvimento Social,Direitos Humanos,SDH-PR,
BRA/04/044-A399,Apoio as Eleições da Guiné-Bissau,2/11/2010,5/11/2010,África,Guiné-Bissau,Justiça,Justiça Eleitoral,TSE,
BRA/04/044-A375,X Reunião de Ministros da CPLP - Participação de Guiné-Bissau,2/12/2010,3/12/2010,África,Guiné-Bissau,Trabalho e Emprego,Planejamento e Promoção do Trabalho,TEM,
BRA/04/044-A437,Apoio à Inclusão Digital na Guiné-Bissau,4/6/2010,12/28/2012,África,Guiné-Bissau,Ciência e Tecnologia,Ciência da Informação,SERPRO,
BRA/04/044-S216,Apoio na Formulação e Monitoramento do Programa Nacional para a Universalização do Registro Civil de Nascimento em Guiné Bissau,6/23/2010,1/30/2012,África,Guiné-Bissau,Desenvolvimento Social,Direitos Humanos,SDH-PR,Ajuste Complementar - 23/06/2010
BRA/04/043-A423,"Missão de Prospecção para Elaboração de Projeto de Cooperação Técnica nas áreas de Empreendedorismo, Educação e Defesa",10/8/2010,12/31/2010,África,Guiné-Bissau,Educação,Formação Profissional,MIN. Defesa; SEBRAE,
BRA/04/044-A648,"Missão de Prospecção para Elaboração de Projeto de Cooperação Técnica nas áreas de Desenvolvimento Agrário, Desenvolvimento Social, Pesca e Aqüicultura, Agricultura, Minas e Energia e Educação",11/22/2010,2/22/2011,África,Guiné-Bissau,Minas e Energia,Energia Renovável,MAPA; MEC; MPA; MME; MDA; MDS,
BRA/04/044-A387,Missão à Guiné Equatorial para prospecção de projetos de cooperação,10/1/2009,12/1/2009,África,Guiné-Equatorial,Esporte,Educação de Crianças e Adolescentes,ABC,
BRA/04/043-A162,Missão para Auxílio no Combate ao Inseto “lagarta militar”,1/29/2009,3/29/2009,África,Libéria,Meio Ambiente,Controle Ambiental,MAPA,
BRA/04/044-A290,Missão Liberiana à FUNDAP,6/15/2009,8/15/2009,África,Libéria,Administração Pública,Gestao de Cooperação Técnica,FUNDAP ,
BRA/04/044-A419,Missão conjunta ABC e MDIC para prospecção de projetos na Libéria,3/17/2010,6/17/2010,África,Libéria,Saúde ,Controle e Prevenção de Doenças,MICE,
BRA/04/044-A409,"Missão para Capacitação de Técnicos Serra-Leonenses e Liberianos em Irrigação, Piscicultura e Processamento de Mandioca",5/1/2010,6/30/2010,África,Libéria,Agricultura,Extensão Rural,EMATER,
BRA/04/044-A494,Segunda Etapa da Missão conjunta MDIC - ABC para prospecção de projetos à Libéria e ao Mali,5/28/2010,12/31/2011,África,Libéria,Administração Pública,Gestao de Cooperação Técnica,,
BRA/04/044-A551,Missão de Estudos Liberiana sobre o Sistema Esportivo do Brasil,7/23/2010,10/23/2010,África,Libéria,Esporte,Educação de Crianças e Adolescentes,,
BRA/04/044-A553,Prospecção Sobre o Sistema Ensino Profissionalizante para Jovensna Libéria,7/23/2010,10/23/2010,África,Libéria,Educação,Formação Profissional,MEC; SENAC,
BRA/04/044-A550,Instituto Liberiano de Estatísticas e de Serviços de Geo-Informação,7/23/2010,12/31/2010,África,Libéria,Planejamento,Estatísticas Gerais,IBGE,
BRA/04/044-A549,Missão para Acompanhamento da Implementação do Programa de Capacitação do Atendimento ao Público da Administração da Libéria,7/23/2010,5/31/2011,África,Libéria,Administração Pública,Gestao de Cooperação Técnica,FUNDAP ,
BRA/04/044-A003,Transferência de Controle do Centro de Formação do Cazenga,5/11/2005,8/20/2005,África,Libéria; Mali,Educação,Formação Profissional,SENAI,
BRA/04/043-A155,Missão de Prospecção de projetos de cooperação nas áreas de saúde e agricultura em Serra Leoa e na Libéria,1/21/2009,3/21/2009,África,Libéria; Serra Leoa,Saúde ,Controle e Prevenção de Doenças,EMBRAPA; EMATER-DF;MS,
BRA/04/044-A408,Missão para Capacitação de Técnicos Serra-Leonenses e Liberianos em Atenção à Mulher e a Gestante,3/1/2010,9/30/2010,África,Libéria; Serra Leoa,Saúde ,Controle e Prevenção de Doenças,FIOCRUZ-RJ,
BRA/04/044-A410,Missão para capacitação de técnicos serra-leonenses e liberianos em prevenção em DST/AIDS,3/1/2010,11/30/2010,África,Libéria; Serra Leoa,Saúde ,DST/AIDS,MS,
BRA/04/044-FIOCRUZ,Missão Conjunta de Intercâmbio Técnico da Libéria e Serra Leoa ao Programa Materno Infantil da FIOCRUZ,4/26/2010,6/30/2010,África,Libéria; Serra Leoa,Saúde ,Controle e Prevenção de Doenças,FIOCRUZ-RJ;MS,
BRA/04/043-A208,"Participação do Malauí no “Encontro de Observadores Internacionais da III Conferência Infanto-juvenil pelo Meio Ambiente""",4/2/2009,4/30/2009,África,Malaui,Meio Ambiente,Educação Ambiental,MEC,
BRA/04/044-A023,Identificação das necessidades Malienses na área da Cotonicultura,2/8/2006,4/3/2006,África,Mali,Agricultura,Cotonicultura,EMBRAPA,
BRA/04/044-A124,Visita Técnica na Área da Cotonicultura - Mali,5/8/2007,6/25/2007,África,Mali,Agricultura,Cotonicultura,,
BRA/04/043-Cotton 4 + Haiti,Missão para Reunião sobre o Projeto Cotton-4 e início das atividades do Projeto de Revitalização da Fazenda de Fond-des-Nègres,4/1/2009,5/10/2009,África,Mali,Agricultura,Cotonicultura,EMBRAPA,
BRA/04/044-A366,Missão de Prospecção de Projetos em Hortifruticultura e Agricultura Familiar ao Mali,2/8/2010,5/8/2010,África,Mali,Agricultura,Agricultura Familiar,EMATER;MDA,
BRA/04/044-A113,Missão de Identificação de Projeto na Área da Formação Profissional,3/23/2007,5/15/2007,África,Marrocos,Cooperação Técnica,Missão de Prospecção/Multidisciplinar,,
BRA/04/043-A147,"Missão de prospecção para a formulação do projeto “Apoio ao Escritório da Formação Profissional e da Promoção do Trabalho (OFPPT) para a Implantação de Sete Centros de Formação Profissional a Pessoas Com Deficiência Física""",1/15/2009,3/15/2009,África,Marrocos,Educação,Políticas Públicas,SENAI,
BRA/04/043-A172,Missão de prospecção para a formulação do projeto “Apoio ao Desenvolvimento Urbano do Reino do Marrocos,2/16/2009,4/16/2009,África,Marrocos,Cidades,Urbanismo,CAIXA,
BRA/04/044-A396,"Cooperação para o Intercâmbio Internacional, Desenvolvimento e Ampliação das Políticas de Justiça de Transição no Brasil",10/9/2009,12/9/2009,África,Marrocos,Justiça,Organização Jurídica,MJ,
BRA/04/044-A396,"Missão de apresentação e validação de projetos nas áreas de Desenvolvimento Urbano, Formação Profissional para Pessoas com Deficiências Visual e Física e Construção Civil",3/3/2010,7/3/2010,África,Marrocos,Educação,Formação Profissional,CAIXA; SENAI,
BRA/04/043-A368,Curso de Capacitação de Agentes Penitenciários para formação de Multiplicadores pelo Departamento Penitenciário Nacional do Ministério da Justiça do Brasil,9/9/2009,3/9/2010,África,Mauritânia,Segurança Pública,Políticas Públicas,,
BRA/04/044-S001,Inserção Social pela Prática Esportiva,11/1/2004,11/30/2007,África,Moçambique,Esporte,Educação de Crianças e Adolescentes,ME - Ministério do Esporte,
BRA/04/044-S010,Estudo de Viabilidade Técnico Econômico para Instalação de Fábrica de Medicamentos em Moçambique para Produção de Medicamentos Anti-retrovirais e Outros,7/15/2005,8/15/2007,África,Moçambique,Saúde ,Medicamentos,MS,Ajuste Complementar - 16/07/2010
BRA/04/044-S032,Programa de Alfabetização e Educação de Adultos em Mocambique - Fase III,11/1/2005,4/30/2008,África,Moçambique,Educação ,Alfabetização,AAPAS - Associação de Apoio ao Programa Alfabetização Solidária (Brasil); MEC,Ajuste Complementar - 05/11/2003
BRA/04/044-A018,"""Estamos Juntos"" -Políticas Sociais, promoção da Saúde Sexual e Reprodutiva e Prevenção das DST e AIDS",1/15/2006,3/15/2006,África,Moçambique,Saúde ,Controle e Prevenção de Doenças,DST/AIDS-MS; UnB,
BRA/04/044-S050,Bolsa-Escola em Moçambique,2/1/2006,3/15/2008,África,Moçambique,Educação,Políticas Públicas,,Ajuste Complementar - 05/11/2003
BRA/04/044-A036,"Elaboração de Mapa Geoambiental da região metropolitana de Maputo, Moçambique",4/10/2006,5/15/2006,África,Moçambique,Minas e Energia,Geologia,CPRM - Companhia de Pesquisa de Recursos Minerais,
BRA/04/044-A055,Avaliação das Medidas de Prevenção e controle da Malária de Moçambique,7/20/2006,8/20/2006,África,Moçambique,Saúde ,Controle e Prevenção de Doenças,MS,
BRA/04/044-A075,Estudo de Viabilidade sobre o Desenvolvimento de Sistemas Sustentáveis de Cultivo Inovadores para Pequenos Produtores.,10/20/2006,11/20/2006,África,Moçambique,Agricultura,Políticas Públicas,CIRAD - Centro de Cooperação Internacional para a Pesquisa e o Desenvolvimento; EMBRAPA,
BRA/04/044-A080,"""Estamos Juntos"" - Políticas sociais, promoção da Saúde Sexual e Reprodutiva e Prevenção das DST e AIDS -Módulo II",11/3/2006,12/3/2006,África,Moçambique,Saúde ,DST/AIDS,DST/AIDS-MS; UnB,
BRA/04/044-A088,Capacitação em Barreiras Técnicas ao Comércio e Norma ISO/IEC 17025,11/15/2006,1/15/2007,África,Moçambique,Indústria e Comércio,Políticas Públicas,INMETRO,
BRA/04/044-A102,"Missão Conjunta para Concepção e Elaboração de Projetos na Área de Construção de Cisternas, Produção de Hortaliças e Frutas, Transporte Urbano, Biodiesel, Educação Ambiental e Habitação",2/10/2007,4/10/2007,África,Moçambique,Meio Ambiente,Educação Ambiental,,
BRA/04/044-S066,FORTALECIMENTO DO INSTITUTO NACIONAL DE SAÚDE DE MOÇAMBIQUE,4/23/2007,4/22/2008,África,Moçambique,Saúde ,Políticas Públicas,FIOCRUZ-RJ,
BRA/04/044-S084,Fortalecimento das Ações de Alimentação e Nutrição,7/6/2007,9/6/2008,África,Moçambique,Saúde ,Nutrição e Alimentação,MS,
BRA/04/043-A055,Missão de Detalhamento de Projeto de Cooperação Técnica na Área de Engenharia Florestal,7/10/2007,9/30/2007,África,Moçambique,Meio Ambiente,Preservação dos Ecossistemas,UFPR,
BRA/04/044-A153,Oficina de Trabalho com Especialistas Moçambicanos e Brasileiros para Detalhamento de Projeto de Cooperação Técnica Trilateral Brasil - Alemanha - Moçambique na área de Metrologia,8/27/2007,9/30/2007,África,Moçambique,Indústria e Comércio,Sistema de Qualidade,ABC,
BRA/04/044-A155,Diagnóstico da situação de Governo Eletrônico em Moçambique,9/10/2007,10/10/2007,África,Moçambique,Administração Pública,Governança,SERPRO,
BRA/04/044-S090,Apoio ao Desenvolvimento da Horto-Fruticultura de Moçambique,11/7/2007,11/11/2008,África,Moçambique,Agricultura,Políticas Públicas,EMBRAPA-HT (Hortaliças),
BRA/04/044-A180,Missão de prospeção para formulação de plano de fortalecimento institucional e capacitação de recursos humanos do Instituto Nacional de Normalização e Qualidade (INNOQ) de Moçambique,11/19/2007,2/27/2008,África,Moçambique,Indústria e Comércio,Sistemas de Qualidades,INMETRO,
BRA/04/044-A179,"Elaboração de Mapa Geoambiental da Região Metropolitana de Maputo, Moçambique – Fase II",12/5/2007,1/5/2008,África,Moçambique,Educação,Formação Profissional,,
BRA/04/044-A198,Estudo Técnico para a Instalação de Fábrica de Medicamentos Anti-Retrovirais e Outros em Moçambique,2/26/2008,4/26/2008,África,Moçambique,Saúde ,Medicamentos,FIOCRUZ-RJ,
BRA/04/044-S100,Apoio ao Desenvolvimento Urbano de Moçambique,4/30/2008,4/30/2009,África,Moçambique,Cidades,Habitação,CAIXA,Ajuste Complementar - 06/07/2007
BRA/04/044-A229,Seminário de Avaliação do Programa de Treinamento para Terceiros Países (TCTP) em Moçambique,6/4/2008,12/4/2008,África,Moçambique,Cooperação Técnica,Missão de Acompanhamento,,
BRA/04/044-S105,Capacitação Técnica em Ciências Florestais,7/2/2008,11/30/2010,África,Moçambique,Educação,Formação Profissional,UFPR,Ajuste Complementar - 15/02/2007
BRA/04/044-A234,Participação Moçambicana no Encontro Nacional da Rede Mocambos,7/3/2008,9/3/2008,África,Moçambique,Cultura,Populações Tradicionais,,
BRA/98/004-A056,Missão Técnica de detalhamento do Projeto de Instalação da Fábrica de Medicamentos Anti-Retrovirais e outros em Moçambique,8/15/2008,10/15/2008,África,Moçambique,Saúde ,DST/AIDS,FIOCRUZ-RJ; Far-Manguinho (Inst. De Tecnologia em Fármacos); MS,
BRA/04/044-A252,Projeto de Melhoria Sustentável no Fornecimento de Água e Saneamento na Província de Zambézia,8/24/2008,10/31/2009,África,Moçambique,Meio Ambiente,Recursos Hídricos,EMBRAPA,
BRA/98/004-A059,Missão para detalhamento do Projeto Cozinha Moçambique,8/25/2008,10/25/2008,África,Moçambique,Desenvolvimento Social,Segurança Alimentar,SESI,
BRA/98/004-A060,Capacitação de Gestores na Modalidade de Educação a Distância: Reforço da Capacidade Institucional do Instituto de Educação Aberta e a Distância de Moçambique(IEDA),9/20/2008,12/20/2008,África,Moçambique,Educação,Educação à Distância,MEC,
BRA/98/004-A070,Missão de especialistas brasileiros para elaboração do projeto de implementação de um centro de formação profissional em Moçambique,10/15/2008,11/30/2008,África,Moçambique,Educação,Formação Profissional,SENAI/BA,
BRA/04/044-S130,Programa de Educação Alimentar e Nutricional COZINHA BRASIL-MOÇAMBIQUE,10/15/2008,4/30/2012,África,Moçambique,Desenvolvimento Social,Segurança Alimentar,SESI,Ajuste Complementar - 16/10/2008
BRA/04/044-A266,Missão Conjunta Ítalo-Brasileira a Moçambique para elaboração de Projeto de Urbanização Integrada de Favelas,10/17/2008,2/17/2009,África,Moçambique,Cidades,Urbanismo,CAIXA; MINCIDADES,
BRA/04/044-S136,Fortalecimento Institucional do Órgão Regulador de Medicamentos de Moçambique como agente regulador do setor farmacêutico,10/17/2008,2/29/2012,África,Moçambique,Saúde ,Medicamentos,ANVISA,Ajuste Complementar - 17/09/2008
BRA/04/044-A275,Missão técnica para avaliação do Levantamento da Plataforma Continental moçambicana,11/13/2008,2/1/2009,África,Moçambique,Administração Pública,Administração Territorial,SECIRM - Marinha do Brasil,
BRA/04/043-A139,Missão Preparatória de treinamento de técnicos moçambicanos em agricultura de conservação,11/25/2008,12/25/2008,África,Moçambique,Agricultura,Agricultura Familiar,EMBRAPA,
BRA/04/043-A148,Missão de Especialistas da Sociedade civil Africana ao Brasil,1/14/2009,6/14/2009,África,Moçambique,Desenvolvimento Social,Inclusão Social,PRESIDÊNCIA,
BRA/04/043-A151,Capacitação em Técnicas Militares de Oficiais Moçambicanos no Exército Brasileiro,1/19/2009,8/31/2009,África,Moçambique,Defesa,Treinamento Militar,MIN. Defesa,
BRA/04/043-A173,Missão para Desenvolvimento e Detalhamento de Projetos de Cooperação Técnica em Moçambique. Pastoral da Crianç,2/15/2009,8/19/2009,África,Moçambique,Saúde ,Controle e Prevenção de Doenças,PC - Pastoral da Criança,
BRA/04/043-A197,Missão Técnica Multidisciplinar à Moçambique para Diagnóstico e Elaboração de Projetos de CTPD,3/3/2009,3/31/2010,África,Moçambique,Administração Pública,Gestao de Cooperação Técnica,MRE,
BRA/04/043-A195,Missão de Técnicos do SENAI à Moçambique para Avaliação da Futura Localização do Centro de Formação Profissional e Seleção da Equipe Moçambicana a ser Treinada,3/4/2009,9/4/2009,África,Moçambique,Indústria e Comércio,Desenvolvimento Industrial,SENAI-DN,
BRA/04/043-A217,Apoio ao Desenvolvimento de Produtos de Previsao de Tempo e Clima pelo Instituto Nacional de Meteorologia de Moçambique,3/18/2009,9/18/2009,África,Moçambique,Meio Ambiente,Controle Ambiental,USP,
BRA/04/043-A224,Missão para diagnóstico da pesca de pequena escala e aqüicultura familiar em Moçambique e as perspectivas de desenvolvimento comunitário e solidário,3/19/2009,9/19/2009,África,Moçambique,Pesca,Piscicultura,SEAP-PR,
BRA/04/043-A288,Missão de Prospecção Conjunta a Maputo,6/9/2009,12/8/2009,África,Moçambique,Agricultura,Pesquisa,,
BRA/04/043-A315,"Missão para Formação de Multiplicadores moçambicanos no ""Programa Segundo Tempo"" e ""Pintando a Cidadania""",7/14/2009,1/14/2010,África,Moçambique,Esporte,Educação de Crianças e Adolescentes,ME - Ministério do Esporte,
BRA/04/043-A336,Missão de Prospecção e Negociação de Projetos na área da Sáude,8/10/2009,9/30/2009,África,Moçambique,Saúde ,Controle e Prevenção de Doenças,INCA; MS,
BRA/04/043-A292,"Capacitação Técnica em Meios de Hospedagem, Agenciamento e Guiamento",8/16/2009,3/16/2010,África,Moçambique,Educação,Formação Profissional,SENAC,
BRA/04/043-A367,Missão de Apoio ao Desenvolvimento Urbano de Moçambique,9/9/2009,2/9/2010,África,Moçambique,Cidades,Habitação,CAIXA,
BRA/04/044-A310,Capacitação Profissional na Área de Turismo e Hospitalidade e Segmento de Segurança de Alimentos,11/3/2009,3/31/2010,África,Moçambique,Indústria e Comércio,Turismo,SENAC,
BRA/04/044-A349,Capacitação de Militares Moçambicanos no Exército e Aeronáutica do Brasil,1/20/2010,12/20/2010,África,Moçambique,Educação,Formação Profissional,MIN. Defesa,
BRA/04/044-A397,Visita de Técnicos Moçambicanos à Escola Nacional de Admiistração Pública - ENAP,3/5/2010,6/5/2010,África,Moçambique,Administração Pública,Gestao de Cooperação Técnica,ENAP,
BRA/04/044-A395,Missão para Capacitação de Técnicos Moçambicanos em Administração Tributária,3/15/2010,6/15/2010,África,Moçambique,Administração Pública,Gestao de Cooperação Técnica,ESAF,
BRA/04/044-S198,Apoio ao Desenvolvimento Gerencial Estratégico do Governo de Moçambique,4/24/2010,12/10/2012,África,Moçambique,Administração Pública,Governança,ABC; ENAP,Ajuste Complementar - 06/05/2009
BRA/04/044-A464,"Apoio Técnico para Implantação do Instituto da Mulher, Criança e do Adolescente de Moçambique",5/5/2010,11/5/2010,África,Moçambique,Saúde ,Saúde da Mulher,FIOCRUZ-RJ; IFF,
BRA/04/044-A596,Missão de Prospecção em Turismo e Apoio à Criação de Centro de Formação de Excelência em Hotelaria e Turismo,9/2/2010,3/2/2011,África,Moçambique,Educação,Formação Profissional,SENAC,
BRA/04/044-S268,Implantação de Projeto Piloto de Terapia Comunitária em Moçambique Como Recurso de Promoção da Saúde,10/19/2010,2/19/2012,África,Moçambique,Saúde ,Controle e Prevenção de Doenças,IBRAP - Instituto Brasileiro de Ação Popular; SES-DF (Sec. De Estado de Saúde do DF),Ajuste Complementar - 16/07/2010
BRA/04/044-S023,Apoio ao Desenvolvimento Urbano na Namíbia,12/1/2005,12/31/2007,África,Namíbia,Cidades,Habitação,CAIXA,Ajuste Complementar - 07/11/2003
BRA/04/044-A040,Identificação das Possibilidades de Cooperação Técnica com a Namíbia nas áreas de HIV/AIDS e Banco de Leite,5/10/2006,6/20/2006,África,Namíbia,Saúde ,Controle e Prevenção de Doenças,MS,
BRA/04/044-A045,Apoio técnico ao Governo Namibiano na área de produção de cana-de-açúcar,6/14/2006,7/14/2006,África,Namíbia,Agricultura,Políticas Públicas,USC - Universidade de São Carlos,
BRA/04/044-S048,Assistência à produção de frutas subtropicais e leguminosas na Namíbia,8/1/2006,2/1/2007,África,Namíbia,Agricultura,Fruticultura,EMBRAPA,
BRA/04/044-A061,Apoio técnico ao Governo Namibiano na Área de Desenvolvimento Urbano,9/1/2006,10/1/2006,África,Namíbia,Cidades,Habitação,CAIXA,
BRA/04/044-A095,"Identificação das possibilidades de cooperação nas áreas de gestão de resíduos sólidos, política habitacional e metodologias de construção não-convencionais",12/1/2006,12/31/2006,África,Namíbia,Administração Pública,Administração Territorial,CAIXA,
BRA/04/044-A197,Avaliação final do sub-projeto de Apoio ao Desenvolvimento Urbano,2/15/2008,4/15/2008,África,Namíbia,Cidades,Urbanismo,CAIXA,
BRA/04/044-A453,Missão de Prospecção a Namíbia na Área de Gestão de Resíduos Sólidos,4/26/2010,7/26/2010,África,Namíbia,Cidades,Urbanismo,UFRJ,
BRA/98/004-A044,Missão Técnica para apresentação de propostas de projetos nas áreas da Fruticultura Tropical e Mandioca,7/12/2005,8/14/2005,África,Nigéria,Agricultura,Políticas Públicas,EMBRAPA,
BRA/04/044-A087,Missão de detalhamento de Cooperação Técnica na área de Saúde (Medicamentos Antiretrovirais),11/13/2006,12/13/2006,África,Nigéria,Saúde ,DST/AIDS,MS,
BRA/04/044-A110,Missão de Negociação de Projeto de Capacitação Técnica para Produção de Medicamentos Anti-Retrovirais,3/10/2007,4/10/2007,África,Nigéria,Indústria e Comércio,Indústria Farmacêutica,,
BRA/04/044-A019,Capacitação em Combate a Incêndios Florestais,1/10/2006,3/30/2006,África,Quênia,Meio Ambiente,Preservação dos Ecossistemas,CBMERJ - Corpo de Bombeiros Militar do Estado do Rio de Janeiro,
BRA/04/044-A038,Capacitação de Técnicos de Futebol Quenianos,4/12/2006,5/30/2006,África,Quênia,Esporte,Educação de Crianças e Adolescentes,FFC - Fluminense Football Club,
BRA/04/044-A084,Capacitação em conservação da Natureza,10/27/2006,12/10/2006,África,Quênia,Meio Ambiente,Preservação dos Ecossistemas,PM-MS (Política Militar do Mato Grosso do Sul),
BRA/04/044-A115,Apoio à Implantação da Diretoria de Prevenção e Combate a Incêndio Florestal,3/28/2007,5/30/2007,África,Quênia,Meio Ambiente,Preservação dos Ecossistemas,CBMERJ,
BRA/04/044-A162,CURSO DE PREVENÇÃO E COMBATE A INCÊNDIOS FLORESTAIS E CURSO DE NOÇÕES DE BUSCA E SALVAMENTO,10/4/2007,11/30/2007,África,Quênia,Meio Ambiente,Preservação dos Ecossistemas,ABC,
BRA/98/004-A063,Missão de Estudo na área eleitoral,9/20/2008,10/20/2008,África,Quênia,Administração Pública,Governança,TSE,
BRA/98/004-A072,"Missão de detalhamento do projeto “Fortalecimento Institucional do Kenya Wildlife Service, do City Council of Nairobi Fire Brigade e do Kenya Airports Authority Fire and Rescue Services”",10/1/2008,11/30/2008,África,Quênia,Meio Ambiente,Controle Ambiental,CBMERJ - Corpo de Bombeiros Militar do Estado do Rio de Janeiro,
BRA/98/004-A078,Missão de estudos sobre a ABC,10/20/2008,11/20/2008,África,Quênia,Administração Pública,Gestao de Cooperação Técnica,ABC,
BRA/04/043-A333,Negociação de projeto de cooperação técnica na área de meio ambiente,8/10/2009,9/30/2009,África,Quênia,Meio Ambiente,Controle Ambiental,IBAMA; ICMBio; MMA; PF; SEMASP,
BRA/04/044-A352,Capacitação de treinadores de futebol dos Governos do Quênia e de Uganda,8/25/2009,11/25/2009,África,Quênia,Esporte,Educação de Crianças e Adolescentes,,
BRA/04/044-A426,Intercâmbio de Melhores Práticas na Área de Planejamento Orçamentário,3/20/2010,7/2/2010,África,Quênia,Planejamento,Estatísticas Gerais,MPOG,
BRA/98/004-A061,"Missão Técnica de Avaliação de Zoneamento Agrícola para a Produção Sucroalcooleira no Quênia, Uganda e Ruanda",9/15/2008,10/30/2008,África,Quênia; Ruanda; Uganda,Agricultura,Pesquisa,,
BRA/04/044-A245,Participação de representantes do Ministério da Saúde e Corpo de Bombeiros do Rio de Janeiro nas comistas de Quênia e Zâmbia,8/1/2008,10/1/2008,África,Quênia; Zâmbia,Cooperação Técnica,Missão de Acompanhamento,CBMERJ - Corpo de Bombeiros Militar do Estado do Rio de Janeiro; MS,
BRA/04/044-A232,FORTALECIMENTO DO SISTEMA DE VIGILÂNCIA EPIDEMIOLÓGICA DA REPÚBLICA DEMOCRÁTICA DO CONGO,6/20/2008,7/20/2008,África,República Democrática do Congo,Saúde ,Controle e Prevenção de Doenças,MS,
BRA/04/044-A649,Fortalecimento do Combate ao HIV/AIDS,11/10/2010,11/10/2011,África,República Democrática do Congo,Saúde ,DST/AIDS,M.Saúde/DNDST,
BRA/98/004-A068,Missão de Estudos ao Brasil - Sistema Único de Saúde,9/23/2008,11/23/2008,África,República do Congo,Saúde ,SUS,MS,
BRA/04/044-A294,Missão para Apresentação de Projetos nas Áreas de Agricultura e Saúde no Congo,10/1/2009,12/31/2009,África,República do Congo,Saúde ,Controle e Prevenção de Doenças,EMBRAPA; EMATER-DF;MS,
BRA/04/044-A465,Missão para Detalhamento e Assinatura de Projetos nas Áreas de Agricultura e Saúde no Congo Brazzaville,5/6/2010,7/6/2010,África,República do Congo,Saúde ,Controle e Prevenção de Doenças,,
BRA/04/043-S264,Formação de Recursos Humanos e Transferência de Técnicas para o Cultivo da Palma Africana na República do Congo,8/6/2010,2/6/2011,África,República do Congo,Agricultura,Cultivos Anuais,EMBRAPA; MAPA,Ajuste Complementar - 16/10/2007
BRA/04/044-S263,Formação de Recursos Humanos e Transferência de Técnicas para Apoio ao Programa Congolês de Modernização do Setor Sucroalcoleiro,8/6/2010,8/6/2012,África,República do Congo,Agricultura,Pesquisa,EMBRAPA; MAPA,Ajuste Complementar - 16/10/2007
BRA/04/043-A338,Intercâmbio da experiência brasileira em biocombustíveis para representantes do Governo de Uganda e de Ruanda,8/10/2009,9/30/2009,África,Ruanda,Minas e Energia,Biocombustíveis,ANPGNB; CCAUFSCar; EMBRAPA; IBEN; UCP,
BRA/04/044-S003,Projeto Bolsa-Escola em São Tomé e Príncipe,1/1/2005,11/1/2005,África,São Tomé e Príncipe,Educação,Políticas Públicas,MC - Missão Criança (Brasil),
BRA/04/044-S006,Alfabetização Solidária em São Tomé e Príncipe - 3ªFase,1/1/2005,6/1/2006,África,São Tomé e Príncipe,Educação,Alfabetização,AAPAS - Associação de Apoio ao Programa Alfabetização Solidária (Brasil),
BRA/04/043-S009,Construção Institucional e Metodológica da extensão Rural como Estratégia de desenvolvimento Sustentável da Agricultura Familiar em São Tomé e Príncipe,6/1/2005,4/1/2007,África,São Tomé e Príncipe,Agricultura,Agricultura Familiar,EMATER-MG; UFV (Universidade Federal de Viçosa),
BRA/04/044-S011,Apoio ao desenvolvimento da Área Agrícola da República Democrática de São Tomé e Príncipe,8/1/2005,12/1/2006,África,São Tomé e Príncipe,Agricultura,Políticas Públicas,EMBRAPA,
BRA/04/044-A028,"Levantamento preliminar da estrutura de Hardware, Software e comunicação com vista à implementação do Governo Eletrônico em São Tomé e Príncipe",2/1/2006,4/30/2006,África,São Tomé e Príncipe,Administração Pública,Governança Eletrônica,SERPRO,
BRA/04/044-A044,Treinamento de Jornalistas em matéria de Cobertura Eleitoral,6/15/2006,6/30/2006,África,São Tomé e Príncipe,Educação,Formação Profissional,RADIOBRAS - Brasil,
BRA/04/044-Formação de profes,Formação de Professores em Exercício em São Tomé e Príncipe,3/30/2007,3/30/2008,África,São Tomé e Príncipe,Educação,Formação Profissional,,Ajuste Complementar - 22/10/2004
BRA/04/044-S058,Alfabetização Solidária em São Tomé e Príncipe - Fase IV,4/1/2007,4/1/2008,África,São Tomé e Príncipe,Educação,Alfabetização,ALF. Solidária - Alfabetização Solidária,Ajuste Complementar - 30/07/2001
BRA/04/044-A117,"Missão de Prospecção de Cooperação Técnica na Área de Controle de Tráfego Aéreo, infra- estrutura Aeroportuária e Planejamento",4/15/2007,5/15/2007,África,São Tomé e Príncipe,Cooperação Técnica,Cooperação Sul-Sul,,
BRA/04/043-S028,Implementação do Programa de Alimentação Escolar em São Tomé e Príncipe,4/30/2007,7/31/2009,África,São Tomé e Príncipe,Educação,Merenda Escolar,MEC,Ajuste Complementar - 26/03/2007
BRA/04/044-A135,MISSÃO DE DETALHAMENTO E FINALIZAÇÃO DE PROJETO DE COOPERAÇÃO TÉCNICA PARA IMPLEMENTAÇÃO DE SISTEMA DE DATACENTER EM SÃO TOMÉ E PRÍNCIPE,6/25/2007,8/25/2007,África,São Tomé e Príncipe,Ciência e Tecnologia,Ciência da Informação,ABC; SERPRO,
BRA/04/044-A136,Missão de Prospecção de Cooperação Técnica na Área de Controle e Prevenção da Malária em São Tomé e Príncipe,7/10/2007,8/15/2007,África,São Tomé e Príncipe,Saúde ,Controle e Prevenção de Doenças,MS-SVS,
ImplementaDataCenter ,Implantação de Data Center para Apoio aos Serviços e Sistemas do Governo de São Tomé e Príncipe,7/19/2007,10/1/2008,África,São Tomé e Príncipe,Ciência e Tecnologia,Ciência da Informação,SERPRO,
BRA/04/044-A158,Missão de Elaboração da Fase II do Projeto “Construção Institucional e Metodológica da Extensão Rural como Estratégia de Desenvolvimento Sustentável da Agricultura Familiar como Estratégia de Desenvolvimento Sustentável da Agricultura Familiar em São Tomé e Príncipe”,9/14/2007,11/15/2007,África,São Tomé e Príncipe,Agricultura,Agricultura Familiar,EMATER-MG; UFV (Universidade Federal de Viçosa),
BRA/04/044-A195,MISSÃO DE DETALHAMENTO DE PROJETO DE COOPERAÇÃO TÉCNICA NA ÁREA DE CONTROLE E PREVENÇÃO DA MALÁRIA EM SÃO TOMÉ E PRÍNCIPE,11/19/2007,12/31/2007,África,São Tomé e Príncipe,Saúde ,Controle e Prevenção de Doenças,SVS - Secretaria de Vigilância em Saúde do Ministério da Saúde,
BRA/04/044-A200,Missão de consolidação e finalização do projeto de cooperação técnica Brasil - Estados Unidos - São Tomé na área de controle e prevenção da Malária,3/10/2008,4/10/2008,África,São Tomé e Príncipe,Saúde ,Controle e Prevenção de Doenças,MS,
BRA/04/044-A205,Missão de Negociação e Definição dos Termos de Cooperação Técnica na Área de Controle e Prevenção da Malária em São Tomé e Príncipe,4/13/2008,6/13/2008,África,São Tomé e Príncipe,Saúde ,Controle e Prevenção de Doenças,MS/SVS,
BRA/04/044-A230,Missão de Treinamento de Técnicos Santomenses em Cooperação Técnica Recebida Bilateral e Multilateral,6/16/2008,7/18/2008,África,São Tomé e Príncipe,Administração Pública,Gestao de Cooperação Técnica,ABC,
BRA/04/044-S132,Apoio ao Desenvolvimento da Produção de Artesanato em São Tomé e Príncipe,11/5/2008,8/31/2009,África,São Tomé e Príncipe,Educação,Formação Profissional,Brasília - Instituto Lummen ,Ajuste Complementar - 17/09/2008
BRA/04/043-S091,Construção Institucional e Metodológica da Extensão Rural como Estratégia de Desenvolvimento Sustentável da Agricultura Familiar em São Tomé e Príncipe - FASE II,12/10/2008,9/30/2012,África,São Tomé e Príncipe,Agricultura,Políticas Públicas,EMATER-MG; UFV (Universidade Federal de Viçosa),Ajuste Complementar - 02/01/2003
BRA/04/043-A146,Missão para detalhamento de projeto de cooperação técnica na área de desenvolvimento urbano,1/10/2009,3/30/2009,África,São Tomé e Príncipe,Cidades,Habitação,CAIXA,
BRA/04/043-S107,Implantação do Programa Nacional de Extensão Rural (PRONER) em São Tomé e Príncipe,5/13/2009,9/30/2012,África,São Tomé e Príncipe,Agricultura,Extensão Rural,EMATER-MG; UFV (Universidade Federal de Viçosa),Ajuste Complementar - 02/11/2003
BRA/04/043-A281,Missão de Apoio ao Projeto de Prevenção e Controle da Malária em São Tomé e Príncipe,6/2/2009,12/31/2010,África,São Tomé e Príncipe,Saúde ,Vigilância Sanitária,SVS - Secretaria de Vigilância em Saúde do Ministério da Saúde,
BRA/04/044-A305,Missão de Apoio aos Projetos de Cooperação Técnica em São Tomé e Príncipe,6/22/2009,1/31/2010,África,São Tomé e Príncipe,Ciência e Tecnologia,Ciência da Informação,SERPRO,
BRA/04/043-A311,Missão de Apoio ao Projeto de Prevenção e Controle de Malária em São Tomé e Príncipe,7/10/2009,9/30/2009,África,São Tomé e Príncipe,Saúde ,Controle e Prevenção de Doenças,SERPRO,
BRA/04/043-A383,Missão de Negociação do Subprojeto do Centro de Formação Profissional de São Tomé e Príncipe - Verificação do Espaço Físico (Terreno),10/1/2009,12/30/2010,África,São Tomé e Príncipe,Educação,Formação Profissional,SENAI,
BRA/04/043-A389,Reunião de Reunião de Avaliação do Programa Basil São tomé e Príncipe de Cooperação Técnica,10/4/2009,12/30/2009,África,São Tomé e Príncipe,Planejamento,Estratégias de Desenvolvimento,,
BRA/04/044-A285,Missão para Detalhamento de Projeto de Cooperação Técnica nas Áreas de Combate ao HIV/AIDS e à Tuberculose,10/14/2009,1/30/2010,África,São Tomé e Príncipe,Saúde ,Controle e Prevenção de Doenças,MS,
BRA/04/044-A299,Apoio ao Estabelecimento de Política de Salário Mínimo em São Tomé e Príncipe,10/20/2009,1/30/2010,África,São Tomé e Príncipe,Administração Pública,Sistema Financeiro,Ministério do Trabalho e Emprego (MTE),
BRA/04/044-A298,Missão para definição da Fase II do Projeto “Apoio ao Desenvolvimento da Produção de Artesanato em São Tomé e Príncipe”,10/22/2009,1/30/2010,África,São Tomé e Príncipe,Cultura,Artesanato,Instituto Mazal - IM,
BRA/04/044-A351,Capacitação de Oficiais Militares Santomenses no Exército Brasileiro,1/21/2010,12/21/2010,África,São Tomé e Príncipe,Educação,Formação Profissional,MIN. Defesa,
BRA/04/044-A415,Missão de Suporte ao Projeto de Apoio ao Desenvolvimento da Produção de Artesanato em São Tomé e Príncipe,3/15/2010,4/15/2010,África,São Tomé e Príncipe,Cultura,Artesanato,,
BRA/04/044-A436,Missão de Suporte a segunda fase do Projeto Implementação do Programa Nacional de Alimentação Escolar em São Tomé e Príncipe,4/7/2010,7/7/2010,África,São Tomé e Príncipe,Educação,Merenda Escolar,,
BRA/04/044-A442,Reunião Técnica de Acompanhamento do projeto “Alfabetização Solidária em São Tomé e Príncipe – Fase V,4/12/2010,6/12/2010,África,São Tomé e Príncipe,Educação,Alfabetização,,
BRA/04/044-A445,Missão de levantamento de dados para finalização da elaboração do projeto Apoio ao Programa de Luta contra a Tuberculose em São Tomé e Príncipe,4/14/2010,6/14/2010,África,São Tomé e Príncipe,Saúde ,Controle e Prevenção de Doenças,,
BRA/04/044-A446,Missão de Suporte a segunda fase do Projeto de Apoio ao Desenvolvimento da Produção de Artesanato em São Tomé e Príncipe,4/15/2010,9/5/2011,África,São Tomé e Príncipe,Cultura,Artesanato,,
BRA/04/044-A502,Missão de Prospecção para Estabelecer Projeto de Cooperação Técnica com São Tomé e Príncipe na Área da Justiça Criminal,6/1/2010,10/1/2010,África,São Tomé e Príncipe,Justiça,Organização Jurídica,,
BRA/04/044-A522,Missão de suporte ao projeto Implantação de Data Center para Apoio aos Serviços e Sistemas do Governo de São Tomé e Príncipe,6/15/2010,9/15/2010,África,São Tomé e Príncipe,Ciência e Tecnologia,Ciência da Informação,,
BRA/04/044-A529,Missão de Prospecção para Estabelecer Projeto de Cooperação Técnica com São Tomé e Príncipe na Área de Polícia Criminal,6/29/2010,9/29/2010,África,São Tomé e Príncipe,Defesa,Treinamento Militar,,
BRA/04/044-A534,Missão de Prospecção para Estabelecer Projeto de Cooperação Técnica com São Tomé e Príncipe na Área Inclusão Digital,7/2/2010,10/2/2010,África,São Tomé e Príncipe,Ciência e Tecnologia,Ciência da Informação,,
BRA/04/044-A625,Missão de prospecção de projeto de cooperação técnica com São Tomé e Príncipe na área de capoeira,10/28/2010,1/28/2011,África,São Tomé e Príncipe,Educação,Formação Profissional,,
BRA/04/044-A667,Missão de prospecção de projeto de cooperação técnica com São Tomé e Príncipe na área de recenseamento,12/20/2010,4/20/2011,África,São Tomé e Príncipe,Cidades,Habitação,,
BRA/04/044-A668,Missão de Apoio aos Projetos de Cooperação Técnica em São Tomé e Príncipe - 2011,12/20/2010,5/4/2012,África,São Tomé e Príncipe,Meio Ambiente,Controle Ambiental,,
BRA/04/044-A711,Missão de negociação do Projeto de Apoio ao Desenvolvimento da Produção de Artesanato em São Tomé e Príncipe – Fase II e III,2/10/2011,4/10/2011,África,São Tomé e Príncipe,Cultura,Artesanato,,
BRA/04/044-A827,Missão de Prospecção de Projetos de Cooperação Técnica na Área de Educação e Inclusão Digital,6/6/2011,9/6/2011,África,São Tomé e Príncipe,Ciência e Tecnologia,Ciência da Informação,,
BRA/04/043-A473,Apoio Técnico na Área de Turismo,7/3/2011,10/3/2011,África,São Tomé e Príncipe,Cultura,Patrimônio Histórico e Artístico,,
BRA/04/043-A515,Capacitação na ferramenta “Expresso - SERPRO”,9/6/2011,12/5/2011,África,São Tomé e Príncipe,Ciência e Tecnologia,Ciência da Informação,,
BRA/04/043-A564,Missão de prospecção na área de comunicação 2011,11/3/2011,2/3/2012,África,São Tomé e Príncipe,Indústria e Comércio,Políticas Públicas,,
BRA/04/044-A853,Capacitação de Militares da São Tomé e Príncipe - 2012,12/28/2011,1/31/2013,África,São Tomé e Príncipe,Defesa,Treinamento Militar,MIN. Defesa,
BRA/04/044-A002,"Treinamento de recursos humanos Senegaleses para operarem aeronave "" Ipanema "" no combate a gafanhotos no Senegal",2/21/2005,4/15/2005,África,Senegal,Agricultura,Políticas Públicas,MAPA,
BRA/04/044-A034,Treinamento de Pilotos para combate a Gafanhotos no Senegal,3/20/2006,4/20/2006,África,Senegal,Agricultura,Defesa Sanitária Vegetal,DFAESP - Delegacia Federal de Agricultura no Estado de São Paulo; MAPA,
BRA/04/044-A033,"Apoio à missão técnica para eleboração de projetos de cooperação técnica nas áreas de cultivos tropicais, entomologia, produção animal e biocombustíveis no Senegal",3/20/2006,4/25/2006,África,Senegal,Agricultura,Políticas Públicas,EMBRAPA,
BRA/04/044-A046,Treinamento de Técnico Senegalês no Combate de Moscas de Frutas de Mangas no Senegal,6/20/2006,8/30/2006,África,Senegal,Agricultura,Defesa Sanitária Vegetal,BMB - Biofábrica Moscamed Brasil,
BRA/04/044-A079,Missão para detalhamento de projetos de Cooperação Técnica na área de Biocombustível,10/13/2006,12/14/2006,África,Senegal,Minas e Energia,Biocombustíveis,EMBRAPA,
BRA/04/044-A130,Missão de Negociação de Projetos de Capacitação Técnica na área da Saúde com o Senegal,5/18/2007,7/18/2007,África,Senegal,Cooperação Técnica,Missão de Prospecção/Multidisciplinar,MS,
BRA/04/044-A137,Apoio ao Projeto de intercâmbio em agricultura familiar da Federação dos Trabalhadores na Agricultura Familiar da Região Sul (FETRAF) e do Conselho de Concertação e de Cooperação Rural do Senegal,6/25/2007,7/25/2007,África,Senegal,Agricultura,Agricultura Familiar,ABC,
BRA/04/044-A170,Missão de Prospecção técnica na área de triagem neonatal,10/20/2007,11/10/2007,África,Senegal,Cooperação Técnica,Missão de Prospecção/Multidisciplinar,MS - Aisa,
BRA/04/044-A171,CAPACITAÇÃO TÉCNICA DE PROFISSIONAIS SENEGALESES EM ATENÇÃO BÁSICA E AUTO CUIDADO,10/20/2007,11/10/2007,África,Senegal,Saúde ,Controle e Prevenção de Doenças,MS - Aisa,
BRA/98/004-A057,Missão técnica para conhecer o Programa brasileiro de Aquicultura e Pesca,8/12/2008,10/12/2008,África,Senegal,Pesca,Piscicultura,SEAP-PR,
BRA/04/043-S070,Apoio ao Desenvolvimento da Horticultura no Senegal,11/20/2008,12/31/2009,África,Senegal,Agricultura,Horticultura,EMBRAPA; EMATER-DF;SEAPA-DF,Ajuste Complementar - 17/9/2008
BRA/04/043-A332,"Missão técnica para elaboração e apresentação do projeto ""Apoio ao Desenvolvimento da Rizicultura no Senegal""",8/5/2009,11/5/2009,África,Senegal,Agricultura,Cultivos Anuais,EMBRAPA,
BRA/04/044-A371,"Missão Técnica para Apresentação e Assinatura do Projeto ""Apoio ao Desenvolvimento da Rizicultura no Senegal",2/9/2010,5/9/2010,África,Senegal,Agricultura,Pesquisa,EMBRAPA,
BRA/04/044-S181,Capacitação Técnica em Sistemas de Produção de Pecuária de Corte e de Leite no Senegal,2/26/2010,8/26/2010,África,Senegal,Pecuária,Pesquisa,EMBRAPA,Ajuste Complementar - 17/09/2008
BRA/04/044-A386,Missão Multidisciplinar à República do Sudão para Detalhamento de Projetos de Cooperação Técnica,2/24/2010,8/24/2010,África,Sudão,Saúde ,Controle e Prevenção de Doenças,EMBRAPA; FIOCRUZ-RJ; GOV-BA; MDA; OBFC,
BRA/04/044-A666,Apoio ao Referendo de Secessão do Sul do Sudão,12/8/2010,3/8/2011,África,Sudão,Legislativo,Políticas Públicas,CNJ,
BRA/04/043-A225,Missão multidisciplinar para detalhamento de projetos de cooperação técnica entre o Brasil e a Tanzãnia,4/2/2009,6/30/2009,África,Tanzânia,Agricultura,Fruticultura,EMBRAPA; PNDST/AIDS,
BRA/04/044-S176,Aprimorando as Tecnologias Pós-Colheita da Castanha de caju na Tanzânia,1/19/2010,11/19/2012,África,Tanzânia,Agricultura,Fruticultura,EMBRAPA,Ajuste Complementar - 01/07/2009
BRA/04/044-A595,Missão para a Prospecção de Projetos de Cooperação em Agricultura e Biocombustíveis,9/1/2010,6/1/2011,África,Tanzânia,Minas e Energia,Biocombustíveis,,
BRA/04/044-A283,Missão ao Togo para Elaboração de Projeto de Cooperação Técnica na área de Combate a Exploração de Crianças e Adolescentes,10/7/2009,4/7/2010,África,Togo,Segurança Pública,Prevenção do Crime,SDH-PR,
BRA/04/044-A026,Apoio ao desenvolvimento da produção de Eucalipto na Tunísia,2/10/2006,4/10/2006,África,Tunísia,Agricultura,Políticas Públicas,EMBRAPA,
BRA/98/004-A052,Missão de Prospecção de Cooperação Técnica na Àrea de Saúde.(HIV/AIDS),11/10/2005,12/10/2005,África,Zâmbia,Cooperação Técnica,Missão de Prospecção/Multidisciplinar,CRHF - Centro de Referência Hélio Fraga; MS-FIOCRUZ,
BRA/04/044-A167,Missão de detalhamento de projeto de cooperação técnica na área de saúde (HIV/AIDS),10/15/2007,12/15/2007,África,Zâmbia,Saúde ,DST/AIDS,,
BRA/04/043-A275,Intercâmbio de experiência na área de doenças animais,5/27/2009,7/22/2009,África,Zâmbia,Pecuária,Defesa Sanitária Animal,EMBRAPA,
BRA/04/044-A390,Missão multidisciplinar para detalhamento de projetos de cooperação técnica entre o Brasil e a Zâmbia,2/25/2010,5/25/2010,África,Zâmbia,Saúde ,Controle e Prevenção de Doenças,MS/SVS; SENAI,
BRA/04/044-A499,Missão de Prospecção de Projetos de Cooperação Técnica entre o Brasil e a Zâmbia na Área de Biocombustíveis e Doenças Animais,5/31/2010,10/30/2010,África,Zâmbia,Minas e Energia,Biocombustíveis,,
BRA/98/004-A053,Missão de Prospecção de Cooperação Técnica na Àrea de Saúde.(HIV/AIDS),11/10/2005,12/10/2005,África,Zimbabue,Cooperação Técnica,Missão de Prospecção/Multidisciplinar,,
BRA/04/044-A448,Missão ao Brasil para intercâmbi de conhecimentos em Agricultura Familiar,4/1/2010,7/1/2010,África,Zimbabue,Agricultura,Agricultura Familiar,MDA (Brasil),
BRA/04/044-A590,"Visitas de estudo ao Brasil para intercâmbio de conhecimentos em reforma agrária, em agricultura familiar e em sistema de manejo de grãos",9/1/2010,12/1/2010,África,Zimbabue,Agricultura,Agricultura Familiar,MDA (Brasil),