"cname","year","ht_region","hf_govint","icrg_qog"
"Algeria",1999,3,"50",0.3888889
"Algeria",2000,3,"50",0.3888889
"Algeria",2001,3,"50",0.38657409
"Algeria",2002,3,"50",0.3611111
"Algeria",2003,3,"50",0.3611111
"Algeria",2004,3,"50",0.38425925
"Algeria",2005,3,"26",0.41666666
"Algeria",2006,3,"27",0.41666666
"Algeria",2007,3,"28",0.41666666
"Algeria",2008,3,"31",0.41666666
"Algeria",2009,3,"30",0.41666666
"Algeria",2010,3,"32",0.43981481
"Angola",1999,4,"10",0.3611111
"Angola",2000,4,"10",0.3611111
"Angola",2001,4,"",0.3611111
"Angola",2002,4,"",0.3611111
"Angola",2003,4,"",0.3611111
"Angola",2004,4,"",0.3611111
"Angola",2005,4,"",0.3611111
"Angola",2006,4,"20",0.3611111
"Angola",2007,4,"20",0.3888889
"Angola",2008,4,"22",0.40277779
"Angola",2009,4,"22",0.40277779
"Angola",2010,4,"19",0.40277779
"Bahrain",1999,3,"70",0.6111111
"Bahrain",2000,3,"70",0.6111111
"Bahrain",2001,3,"70",0.59027779
"Bahrain",2002,3,"70",0.55555558
"Bahrain",2003,3,"70",0.55555558
"Bahrain",2004,3,"70",0.55555558
"Bahrain",2005,3,"61",0.55555558
"Bahrain",2006,3,"58",0.55555558
"Bahrain",2007,3,"58",0.55555558
"Bahrain",2008,3,"57",0.55555558
"Bahrain",2009,3,"50",0.55555558
"Bahrain",2010,3,"54",0.5787037
"Botswana",1999,4,"30",0.55555558
"Botswana",2000,4,"61",0.55555558
"Botswana",2001,4,"61",0.5462963
"Botswana",2002,4,"60",0.52777779
"Botswana",2003,4,"60",0.52777779
"Botswana",2004,4,"64",0.53472221
"Botswana",2005,4,"57",0.55555558
"Botswana",2006,4,"60",0.56481481
"Botswana",2007,4,"59",0.60416669
"Botswana",2008,4,"56",0.55555552
"Botswana",2009,4,"54",0.55555552
"Botswana",2010,4,"58",0.55555552
"Burundi",1999,4,"10",NA
"Burundi",2000,4,"10",NA
"Burundi",2001,4,"",NA
"Burundi",2002,4,"",NA
"Burundi",2003,4,"",NA
"Burundi",2004,4,"",NA
"Burundi",2005,4,"",NA
"Burundi",2006,4,"30",NA
"Burundi",2007,4,"23",NA
"Burundi",2008,4,"24",NA
"Burundi",2009,4,"25",NA
"Burundi",2010,4,"19",NA
"Cameroon",1999,4,"25",0.3611111
"Cameroon",2000,4,"14",0.31944445
"Cameroon",2001,4,"15",0.30555555
"Cameroon",2002,4,"20",0.30555555
"Cameroon",2003,4,"20",0.30555555
"Cameroon",2004,4,"22",0.30555555
"Cameroon",2005,4,"18",0.30555555
"Cameroon",2006,4,"21",0.35185185
"Cameroon",2007,4,"22",0.38194445
"Cameroon",2008,4,"23",0.42824075
"Cameroon",2009,4,"24",0.44444445
"Cameroon",2010,4,"23",0.3888889
"Cape Verde",1999,4,"30",NA
"Cape Verde",2000,4,"30",NA
"Cape Verde",2001,4,"30",NA
"Cape Verde",2002,4,"30",NA
"Cape Verde",2003,4,"30",NA
"Cape Verde",2004,4,"30",NA
"Cape Verde",2005,4,"30",NA
"Cape Verde",2006,4,"30",NA
"Cape Verde",2007,4,"30",NA
"Cape Verde",2008,4,"40",NA
"Cape Verde",2009,4,"49",NA
"Cape Verde",2010,4,"51",NA
"Central African Republic",1999,4,"",NA
"Central African Republic",2000,4,"",NA
"Central African Republic",2001,4,"",NA
"Central African Republic",2002,4,"30",NA
"Central African Republic",2003,4,"30",NA
"Central African Republic",2004,4,"30",NA
"Central African Republic",2005,4,"30",NA
"Central African Republic",2006,4,"30",NA
"Central African Republic",2007,4,"30",NA
"Central African Republic",2008,4,"24",NA
"Central African Republic",2009,4,"20",NA
"Central African Republic",2010,4,"20",NA
"Chad",1999,4,"10",NA
"Chad",2000,4,"10",NA
"Chad",2001,4,"10",NA
"Chad",2002,4,"10",NA
"Chad",2003,4,"10",NA
"Chad",2004,4,"10",NA
"Chad",2005,4,"10",NA
"Chad",2006,4,"17",NA
"Chad",2007,4,"17",NA
"Chad",2008,4,"20",NA
"Chad",2009,4,"18",NA
"Chad",2010,4,"16",NA
"Comoros",1999,4,"",NA
"Comoros",2000,4,"",NA
"Comoros",2001,4,"",NA
"Comoros",2002,4,"",NA
"Comoros",2003,4,"",NA
"Comoros",2004,4,"",NA
"Comoros",2005,4,"",NA
"Comoros",2006,4,"",NA
"Comoros",2007,4,"",NA
"Comoros",2008,4,"",NA
"Comoros",2009,4,"26",NA
"Comoros",2010,4,"25",NA
"Congo",1999,4,"10",0.3611111
"Congo",2000,4,"10",0.40277779
"Congo",2001,4,"10",0.41666669
"Congo",2002,4,"10",0.3611111
"Congo",2003,4,"10",0.30555555
"Congo",2004,4,"10",0.30555555
"Congo",2005,4,"22",0.30555555
"Congo",2006,4,"23",0.30555555
"Congo",2007,4,"23",0.30555555
"Congo",2008,4,"22",0.30555555
"Congo",2009,4,"21",0.30555555
"Congo",2010,4,"19",0.30555555
"Congo, Democratic Republic",1999,4,"10",0.11111111
"Congo, Democratic Republic",2000,4,"10",0.11111111
"Congo, Democratic Republic",2001,4,"",0.11111111
"Congo, Democratic Republic",2002,4,"",0.11111111
"Congo, Democratic Republic",2003,4,"",0.11111111
"Congo, Democratic Republic",2004,4,"",0.11111111
"Congo, Democratic Republic",2005,4,"",0.11111111
"Congo, Democratic Republic",2006,4,"",0.11111111
"Congo, Democratic Republic",2007,4,"",0.11111111
"Congo, Democratic Republic",2008,4,"",0.11111111
"Congo, Democratic Republic",2009,4,"19",0.12268519
"Congo, Democratic Republic",2010,4,"17",0.1388889
"Cyprus (1975-)",1999,3,"50",0.83333331
"Cyprus (1975-)",2000,3,"50",0.83333331
"Cyprus (1975-)",2001,3,"50",0.83333331
"Cyprus (1975-)",2002,3,"70",0.83333331
"Cyprus (1975-)",2003,3,"70",0.83333331
"Cyprus (1975-)",2004,3,"70",0.83333331
"Cyprus (1975-)",2005,3,"61",0.83333331
"Cyprus (1975-)",2006,3,"54",0.83333331
"Cyprus (1975-)",2007,3,"57",0.83333331
"Cyprus (1975-)",2008,3,"56",0.83333331
"Cyprus (1975-)",2009,3,"53",0.83333331
"Cyprus (1975-)",2010,3,"64",0.83333331
"Benin",1999,4,"30",NA
"Benin",2000,4,"30",NA
"Benin",2001,4,"30",NA
"Benin",2002,4,"30",NA
"Benin",2003,4,"30",NA
"Benin",2004,4,"30",NA
"Benin",2005,4,"30",NA
"Benin",2006,4,"32",NA
"Benin",2007,4,"29",NA
"Benin",2008,4,"25",NA
"Benin",2009,4,"27",NA
"Benin",2010,4,"31",NA
"Equatorial Guinea",1999,4,"10",NA
"Equatorial Guinea",2000,4,"10",NA
"Equatorial Guinea",2001,4,"10",NA
"Equatorial Guinea",2002,4,"10",NA
"Equatorial Guinea",2003,4,"10",NA
"Equatorial Guinea",2004,4,"10",NA
"Equatorial Guinea",2005,4,"10",NA
"Equatorial Guinea",2006,4,"10",NA
"Equatorial Guinea",2007,4,"19",NA
"Equatorial Guinea",2008,4,"21",NA
"Equatorial Guinea",2009,4,"19",NA
"Equatorial Guinea",2010,4,"17",NA
"Ethiopia (-1992)",1999,4,"",NA
"Ethiopia (-1992)",2000,4,"",NA
"Ethiopia (-1992)",2001,4,"",NA
"Ethiopia (-1992)",2002,4,"",NA
"Ethiopia (-1992)",2003,4,"",NA
"Ethiopia (-1992)",2004,4,"",NA
"Ethiopia (-1992)",2005,4,"",NA
"Ethiopia (-1992)",2006,4,"",NA
"Ethiopia (-1992)",2007,4,"",NA
"Ethiopia (-1992)",2008,4,"",NA
"Ethiopia (-1992)",2009,4,"",NA
"Ethiopia (-1992)",2010,4,"",NA
"Ethiopia (1993-)",1999,4,"30",0.47222221
"Ethiopia (1993-)",2000,4,"30",0.47222221
"Ethiopia (1993-)",2001,4,"30",0.47222221
"Ethiopia (1993-)",2002,4,"32",0.47222221
"Ethiopia (1993-)",2003,4,"32",0.47222221
"Ethiopia (1993-)",2004,4,"35",0.47222221
"Ethiopia (1993-)",2005,4,"25",0.47222221
"Ethiopia (1993-)",2006,4,"23",0.47222221
"Ethiopia (1993-)",2007,4,"22",0.4699074
"Ethiopia (1993-)",2008,4,"24",0.4861111
"Ethiopia (1993-)",2009,4,"24",0.4861111
"Ethiopia (1993-)",2010,4,"26",0.4861111
"Eritrea",1999,4,"",NA
"Eritrea",2000,4,"",NA
"Eritrea",2001,4,"",NA
"Eritrea",2002,4,"",NA
"Eritrea",2003,4,"",NA
"Eritrea",2004,4,"",NA
"Eritrea",2005,4,"",NA
"Eritrea",2006,4,"",NA
"Eritrea",2007,4,"",NA
"Eritrea",2008,4,"",NA
"Eritrea",2009,4,"28",NA
"Eritrea",2010,4,"26",NA
"Djibouti",1999,4,"30",NA
"Djibouti",2000,4,"30",NA
"Djibouti",2001,4,"30",NA
"Djibouti",2002,4,"30",NA
"Djibouti",2003,4,"30",NA
"Djibouti",2004,4,"30",NA
"Djibouti",2005,4,"30",NA
"Djibouti",2006,4,"30",NA
"Djibouti",2007,4,"30",NA
"Djibouti",2008,4,"30",NA
"Djibouti",2009,4,"29",NA
"Djibouti",2010,4,"30",NA
"Gabon",1999,4,"50",0.3888889
"Gabon",2000,4,"50",0.3888889
"Gabon",2001,4,"50",0.3888889
"Gabon",2002,4,"50",0.3888889
"Gabon",2003,4,"50",0.3888889
"Gabon",2004,4,"30",0.33333334
"Gabon",2005,4,"30",0.30555555
"Gabon",2006,4,"33",0.30555555
"Gabon",2007,4,"29",0.30555555
"Gabon",2008,4,"30",0.35648149
"Gabon",2009,4,"33",0.36458334
"Gabon",2010,4,"31",0.4236111
"Gambia",1999,4,"10",0.6111111
"Gambia",2000,4,"10",0.6111111
"Gambia",2001,4,"10",0.6111111
"Gambia",2002,4,"10",0.58796299
"Gambia",2003,4,"10",0.55555558
"Gambia",2004,4,"10",0.5486111
"Gambia",2005,4,"25",0.52777779
"Gambia",2006,4,"28",0.5162037
"Gambia",2007,4,"27",0.50231481
"Gambia",2008,4,"25",0.52083331
"Gambia",2009,4,"23",0.5
"Gambia",2010,4,"19",0.5
"Ghana",1999,4,"50",0.43055555
"Ghana",2000,4,"33",0.3888889
"Ghana",2001,4,"33",0.43981481
"Ghana",2002,4,"35",0.41666666
"Ghana",2003,4,"34",0.41666666
"Ghana",2004,4,"39",0.41666666
"Ghana",2005,4,"33",0.39583334
"Ghana",2006,4,"36",0.41666666
"Ghana",2007,4,"40",0.43055555
"Ghana",2008,4,"33",0.43055555
"Ghana",2009,4,"37",0.43055555
"Ghana",2010,4,"39",0.47222221
"Guinea",1999,4,"30",0.5
"Guinea",2000,4,"30",0.5
"Guinea",2001,4,"30",0.5
"Guinea",2002,4,"25",0.47453704
"Guinea",2003,4,"25",0.47222221
"Guinea",2004,4,"25",0.44675925
"Guinea",2005,4,"25",0.44444445
"Guinea",2006,4,"25",0.44444445
"Guinea",2007,4,"30",0.41666666
"Guinea",2008,4,"19",0.41666666
"Guinea",2009,4,"19",0.41666666
"Guinea",2010,4,"16",0.39583334
"Iran",1999,3,"10",0.66666669
"Iran",2000,3,"10",0.66666669
"Iran",2001,3,"10",0.57175922
"Iran",2002,3,"10",0.5
"Iran",2003,3,"10",0.5
"Iran",2004,3,"10",0.5
"Iran",2005,3,"30",0.5
"Iran",2006,3,"29",0.5
"Iran",2007,3,"29",0.5
"Iran",2008,3,"27",0.5
"Iran",2009,3,"25",0.5
"Iran",2010,3,"23",0.47685185
"Iraq",1999,3,"10",0.16666667
"Iraq",2000,3,"10",0.16666667
"Iraq",2001,3,"10",0.16666667
"Iraq",2002,3,"10",0.16666667
"Iraq",2003,3,"",0.24537037
"Iraq",2004,3,"",0.15972222
"Iraq",2005,3,"",0.1388889
"Iraq",2006,3,"",0.1388889
"Iraq",2007,3,"",0.1388889
"Iraq",2008,3,"",0.24652778
"Iraq",2009,3,"",0.2800926
"Iraq",2010,3,"",0.29166666
"Israel",1999,3,"80",0.77777779
"Israel",2000,3,"71",0.77777779
"Israel",2001,3,"68",0.77777779
"Israel",2002,3,"66",0.77777779
"Israel",2003,3,"76",0.81018519
"Israel",2004,3,"73",0.78703701
"Israel",2005,3,"70",0.77777779
"Israel",2006,3,"64",0.77777779
"Israel",2007,3,"63",0.77777779
"Israel",2008,3,"59",0.77777779
"Israel",2009,3,"61",0.77777779
"Israel",2010,3,"60",0.80092591
"Cote d'Ivoire",1999,4,"30",0.44444445
"Cote d'Ivoire",2000,4,"31",0.2962963
"Cote d'Ivoire",2001,4,"26",0.32407406
"Cote d'Ivoire",2002,4,"27",0.30555555
"Cote d'Ivoire",2003,4,"24",0.30555555
"Cote d'Ivoire",2004,4,"27",0.27777776
"Cote d'Ivoire",2005,4,"21",0.22222222
"Cote d'Ivoire",2006,4,"20",0.22222222
"Cote d'Ivoire",2007,4,"19",0.22453703
"Cote d'Ivoire",2008,4,"21",0.27314815
"Cote d'Ivoire",2009,4,"21",0.27777776
"Cote d'Ivoire",2010,4,"20",0.25694445
"Jordan",1999,3,"49",0.56481481
"Jordan",2000,3,"47",0.55555558
"Jordan",2001,3,"44",0.55555558
"Jordan",2002,3,"46",0.55555558
"Jordan",2003,3,"49",0.55555558
"Jordan",2004,3,"45",0.55555558
"Jordan",2005,3,"46",0.55555558
"Jordan",2006,3,"53",0.55555558
"Jordan",2007,3,"57",0.55555558
"Jordan",2008,3,"53",0.55555558
"Jordan",2009,3,"47",0.55555558
"Jordan",2010,3,"51",0.55555558
"Kenya",1999,4,"22",0.3888889
"Kenya",2000,4,"25",0.3888889
"Kenya",2001,4,"20",0.3888889
"Kenya",2002,4,"21",0.375
"Kenya",2003,4,"20",0.4675926
"Kenya",2004,4,"19",0.41666666
"Kenya",2005,4,"19",0.34953704
"Kenya",2006,4,"21",0.33333334
"Kenya",2007,4,"21",0.31712964
"Kenya",2008,4,"22",0.30555555
"Kenya",2009,4,"21",0.31944445
"Kenya",2010,4,"21",0.36805555
"Kuwait",1999,3,"70",0.6111111
"Kuwait",2000,3,"70",0.55555558
"Kuwait",2001,3,"70",0.55555558
"Kuwait",2002,3,"70",0.55555558
"Kuwait",2003,3,"70",0.55555558
"Kuwait",2004,3,"70",0.55555558
"Kuwait",2005,3,"53",0.58333331
"Kuwait",2006,3,"46",0.5949074
"Kuwait",2007,3,"47",0.6111111
"Kuwait",2008,3,"48",0.6111111
"Kuwait",2009,3,"43",0.6111111
"Kuwait",2010,3,"43",0.6111111
"Lebanon",1999,3,"10",0.44444445
"Lebanon",2000,3,"10",0.44444445
"Lebanon",2001,3,"10",0.44444445
"Lebanon",2002,3,"10",0.44444445
"Lebanon",2003,3,"10",0.44444445
"Lebanon",2004,3,"10",0.44444445
"Lebanon",2005,3,"30",0.44444445
"Lebanon",2006,3,"27",0.44444445
"Lebanon",2007,3,"31",0.44444445
"Lebanon",2008,3,"36",0.44444445
"Lebanon",2009,3,"30",0.44444445
"Lebanon",2010,3,"30",0.49074075
"Lesotho",1999,4,"30",NA
"Lesotho",2000,4,"30",NA
"Lesotho",2001,4,"30",NA
"Lesotho",2002,4,"30",NA
"Lesotho",2003,4,"30",NA
"Lesotho",2004,4,"30",NA
"Lesotho",2005,4,"30",NA
"Lesotho",2006,4,"30",NA
"Lesotho",2007,4,"34",NA
"Lesotho",2008,4,"32",NA
"Lesotho",2009,4,"33",NA
"Lesotho",2010,4,"32",NA
"Liberia",1999,4,"",0.1712963
"Liberia",2000,4,"",0.25
"Liberia",2001,4,"",0.29166669
"Liberia",2002,4,"",0.22222222
"Liberia",2003,4,"",0.2175926
"Liberia",2004,4,"",0.23148148
"Liberia",2005,4,"",0.22222222
"Liberia",2006,4,"",0.24537037
"Liberia",2007,4,"",0.27777776
"Liberia",2008,4,"",0.27777776
"Liberia",2009,4,"21",0.2986111
"Liberia",2010,4,"24",0.28472221
"Libya",1999,3,"10",0.52777779
"Libya",2000,3,"10",0.52777779
"Libya",2001,3,"10",0.4537037
"Libya",2002,3,"10",0.41666669
"Libya",2003,3,"10",0.41666669
"Libya",2004,3,"10",0.41666669
"Libya",2005,3,"21",0.3888889
"Libya",2006,3,"25",0.3888889
"Libya",2007,3,"25",0.3888889
"Libya",2008,3,"27",0.3888889
"Libya",2009,3,"25",0.3888889
"Libya",2010,3,"26",0.3888889
"Madagascar",1999,4,"30",0.47222224
"Madagascar",2000,4,"30",0.47222224
"Madagascar",2001,4,"30",0.47222224
"Madagascar",2002,4,"30",0.42824075
"Madagascar",2003,4,"30",0.44444445
"Madagascar",2004,4,"17",0.44444445
"Madagascar",2005,4,"26",0.375
"Madagascar",2006,4,"31",0.44444445
"Madagascar",2007,4,"28",0.44444445
"Madagascar",2008,4,"31",0.44444445
"Madagascar",2009,4,"32",0.44444445
"Madagascar",2010,4,"34",0.40277779
"Malawi",1999,4,"30",0.55555558
"Malawi",2000,4,"41",0.55555558
"Malawi",2001,4,"41",0.5486111
"Malawi",2002,4,"41",0.44675925
"Malawi",2003,4,"32",0.44444445
"Malawi",2004,4,"29",0.44444445
"Malawi",2005,4,"28",0.44444445
"Malawi",2006,4,"28",0.44444445
"Malawi",2007,4,"28",0.4375
"Malawi",2008,4,"27",0.42708334
"Malawi",2009,4,"27",0.45833334
"Malawi",2010,4,"28",0.49768519
"Mali",1999,4,"10",0.27777779
"Mali",2000,4,"10",0.27777779
"Mali",2001,4,"10",0.27777779
"Mali",2002,4,"10",0.2962963
"Mali",2003,4,"10",0.33333334
"Mali",2004,4,"10",0.29166666
"Mali",2005,4,"30",0.27777779
"Mali",2006,4,"32",0.27777779
"Mali",2007,4,"29",0.27777779
"Mali",2008,4,"28",0.27777779
"Mali",2009,4,"27",0.27777779
"Mali",2010,4,"31",0.27777779
"Mauritania",1999,4,"30",NA
"Mauritania",2000,4,"30",NA
"Mauritania",2001,4,"30",NA
"Mauritania",2002,4,"30",NA
"Mauritania",2003,4,"30",NA
"Mauritania",2004,4,"30",NA
"Mauritania",2005,4,"30",NA
"Mauritania",2006,4,"30",NA
"Mauritania",2007,4,"30",NA
"Mauritania",2008,4,"31",NA
"Mauritania",2009,4,"26",NA
"Mauritania",2010,4,"28",NA
"Mauritius",1999,4,"50",NA
"Mauritius",2000,4,"50",NA
"Mauritius",2001,4,"49",NA
"Mauritius",2002,4,"47",NA
"Mauritius",2003,4,"45",NA
"Mauritius",2004,4,"45",NA
"Mauritius",2005,4,"44",NA
"Mauritius",2006,4,"41",NA
"Mauritius",2007,4,"42",NA
"Mauritius",2008,4,"51",NA
"Mauritius",2009,4,"47",NA
"Mauritius",2010,4,"55",NA
"Morocco",1999,3,"50",0.66666669
"Morocco",2000,3,"37",0.66666669
"Morocco",2001,3,"41",0.66666669
"Morocco",2002,3,"47",0.66666669
"Morocco",2003,3,"47",0.62037039
"Morocco",2004,3,"37",0.6111111
"Morocco",2005,3,"33",0.58333331
"Morocco",2006,3,"32",0.60648149
"Morocco",2007,3,"32",0.6111111
"Morocco",2008,3,"32",0.6111111
"Morocco",2009,3,"35",0.6111111
"Morocco",2010,3,"35",0.6111111
"Mozambique",1999,4,"10",0.3888889
"Mozambique",2000,4,"10",0.28703704
"Mozambique",2001,4,"35",0.27777779
"Mozambique",2002,4,"22",0.31481481
"Mozambique",2003,4,"22",0.33333334
"Mozambique",2004,4,"22",0.33333334
"Mozambique",2005,4,"27",0.33333334
"Mozambique",2006,4,"28",0.33333334
"Mozambique",2007,4,"28",0.3425926
"Mozambique",2008,4,"28",0.3611111
"Mozambique",2009,4,"28",0.3611111
"Mozambique",2010,4,"26",0.3611111
"Oman",1999,3,"70",0.6111111
"Oman",2000,3,"70",0.6111111
"Oman",2001,3,"70",0.59722221
"Oman",2002,3,"70",0.58333331
"Oman",2003,3,"70",0.58333331
"Oman",2004,3,"70",0.58333331
"Oman",2005,3,"63",0.58333331
"Oman",2006,3,"61",0.58333331
"Oman",2007,3,"63",0.58333331
"Oman",2008,3,"54",0.58333331
"Oman",2009,3,"47",0.58333331
"Oman",2010,3,"55",0.58333331
"Namibia",1999,4,"50",0.66666669
"Namibia",2000,4,"53",0.66666669
"Namibia",2001,4,"53",0.64814818
"Namibia",2002,4,"54",0.58796299
"Namibia",2003,4,"54",0.58333331
"Namibia",2004,4,"57",0.56018519
"Namibia",2005,4,"47",0.52777779
"Namibia",2006,4,"41",0.52777779
"Namibia",2007,4,"43",0.52777779
"Namibia",2008,4,"41",0.58333331
"Namibia",2009,4,"45",0.58333331
"Namibia",2010,4,"45",0.60416663
"Niger",1999,4,"10",0.19444445
"Niger",2000,4,"10",0.25
"Niger",2001,4,"10",0.25
"Niger",2002,4,"10",0.25
"Niger",2003,4,"10",0.25
"Niger",2004,4,"10",0.25
"Niger",2005,4,"10",0.25
"Niger",2006,4,"22",0.25
"Niger",2007,4,"24",0.2662037
"Niger",2008,4,"23",0.3125
"Niger",2009,4,"26",0.31944445
"Niger",2010,4,"28",0.31944445
"Nigeria",1999,4,"18",0.2638889
"Nigeria",2000,4,"19",0.30555555
"Nigeria",2001,4,"16",0.2824074
"Nigeria",2002,4,"12",0.22222222
"Nigeria",2003,4,"10",0.22222222
"Nigeria",2004,4,"16",0.22222222
"Nigeria",2005,4,"14",0.25
"Nigeria",2006,4,"16",0.27777779
"Nigeria",2007,4,"19",0.27777779
"Nigeria",2008,4,"22",0.27777779
"Nigeria",2009,4,"22",0.27777779
"Nigeria",2010,4,"27",0.27777779
"Guinea-Bissau",1999,4,"10",0.25
"Guinea-Bissau",2000,4,"10",0.25
"Guinea-Bissau",2001,4,"10",0.25
"Guinea-Bissau",2002,4,"10",0.25
"Guinea-Bissau",2003,4,"10",0.25
"Guinea-Bissau",2004,4,"10",0.32407409
"Guinea-Bissau",2005,4,"10",0.3611111
"Guinea-Bissau",2006,4,"10",0.39930555
"Guinea-Bissau",2007,4,"10",0.40277779
"Guinea-Bissau",2008,4,"10",0.37962964
"Guinea-Bissau",2009,4,"22",0.375
"Guinea-Bissau",2010,4,"19",0.375
"Qatar",1999,3,"90",0.6111111
"Qatar",2000,3,"90",0.6111111
"Qatar",2001,3,"70",0.6111111
"Qatar",2002,3,"70",0.58333337
"Qatar",2003,3,"70",0.55555558
"Qatar",2004,3,"70",0.55555558
"Qatar",2005,3,"56",0.58333331
"Qatar",2006,3,"52",0.58333331
"Qatar",2007,3,"59",0.58333331
"Qatar",2008,3,"60",0.58333331
"Qatar",2009,3,"60",0.58333331
"Qatar",2010,3,"65",0.58333331
"Rwanda",1999,4,"10",NA
"Rwanda",2000,4,"10",NA
"Rwanda",2001,4,"10",NA
"Rwanda",2002,4,"10",NA
"Rwanda",2003,4,"10",NA
"Rwanda",2004,4,"10",NA
"Rwanda",2005,4,"10",NA
"Rwanda",2006,4,"10",NA
"Rwanda",2007,4,"21",NA
"Rwanda",2008,4,"25",NA
"Rwanda",2009,4,"28",NA
"Rwanda",2010,4,"30",NA
"Sao Tome and Principe",1999,4,"",NA
"Sao Tome and Principe",2000,4,"",NA
"Sao Tome and Principe",2001,4,"",NA
"Sao Tome and Principe",2002,4,"",NA
"Sao Tome and Principe",2003,4,"",NA
"Sao Tome and Principe",2004,4,"",NA
"Sao Tome and Principe",2005,4,"",NA
"Sao Tome and Principe",2006,4,"",NA
"Sao Tome and Principe",2007,4,"",NA
"Sao Tome and Principe",2008,4,"",NA
"Sao Tome and Principe",2009,4,"27",NA
"Sao Tome and Principe",2010,4,"27",NA
"Saudi Arabia",1999,3,"70",0.55555558
"Saudi Arabia",2000,3,"70",0.55555558
"Saudi Arabia",2001,3,"70",0.55555558
"Saudi Arabia",2002,3,"70",0.55555558
"Saudi Arabia",2003,3,"50",0.55555558
"Saudi Arabia",2004,3,"50",0.55555558
"Saudi Arabia",2005,3,"45",0.55555558
"Saudi Arabia",2006,3,"34",0.55555558
"Saudi Arabia",2007,3,"34",0.55555558
"Saudi Arabia",2008,3,"33",0.55555558
"Saudi Arabia",2009,3,"34",0.55555558
"Saudi Arabia",2010,3,"35",0.5763889
"Senegal",1999,4,"50",0.41666666
"Senegal",2000,4,"33",0.41666666
"Senegal",2001,4,"34",0.41666666
"Senegal",2002,4,"35",0.3888889
"Senegal",2003,4,"29",0.3888889
"Senegal",2004,4,"31",0.3888889
"Senegal",2005,4,"32",0.3888889
"Senegal",2006,4,"30",0.3888889
"Senegal",2007,4,"32",0.3888889
"Senegal",2008,4,"33",0.37037036
"Senegal",2009,4,"36",0.3611111
"Senegal",2010,4,"34",0.3611111
"Seychelles",1999,4,"",NA
"Seychelles",2000,4,"",NA
"Seychelles",2001,4,"",NA
"Seychelles",2002,4,"",NA
"Seychelles",2003,4,"",NA
"Seychelles",2004,4,"",NA
"Seychelles",2005,4,"",NA
"Seychelles",2006,4,"",NA
"Seychelles",2007,4,"",NA
"Seychelles",2008,4,"",NA
"Seychelles",2009,4,"45",NA
"Seychelles",2010,4,"48",NA
"Sierra Leone",1999,4,"10",0.33333334
"Sierra Leone",2000,4,"10",0.33333334
"Sierra Leone",2001,4,"",0.33333334
"Sierra Leone",2002,4,"",0.31944445
"Sierra Leone",2003,4,"10",0.30555555
"Sierra Leone",2004,4,"10",0.31944445
"Sierra Leone",2005,4,"22",0.2824074
"Sierra Leone",2006,4,"23",0.27777776
"Sierra Leone",2007,4,"24",0.27777776
"Sierra Leone",2008,4,"22",0.27777776
"Sierra Leone",2009,4,"21",0.2824074
"Sierra Leone",2010,4,"19",0.30555555
"Somalia",1999,4,"",0.16666667
"Somalia",2000,4,"",0.16666667
"Somalia",2001,4,"",0.16666667
"Somalia",2002,4,"",0.16666667
"Somalia",2003,4,"",0.16666667
"Somalia",2004,4,"",0.11805556
"Somalia",2005,4,"",0.083333336
"Somalia",2006,4,"",0.083333336
"Somalia",2007,4,"",0.083333336
"Somalia",2008,4,"",0.083333336
"Somalia",2009,4,"",0.083333336
"Somalia",2010,4,"",0.083333336
"South Africa",1999,4,"50",0.45833334
"South Africa",2000,4,"52",0.44444445
"South Africa",2001,4,"50",0.44212964
"South Africa",2002,4,"50",0.4050926
"South Africa",2003,4,"48",0.37962964
"South Africa",2004,4,"48",0.41666666
"South Africa",2005,4,"44",0.42592591
"South Africa",2006,4,"46",0.44444445
"South Africa",2007,4,"45",0.44444445
"South Africa",2008,4,"46",0.44444445
"South Africa",2009,4,"51",0.44444445
"South Africa",2010,4,"49",0.46527776
"Zimbabwe",1999,4,"30",0.5
"Zimbabwe",2000,4,"42",0.36574075
"Zimbabwe",2001,4,"41",0.25925925
"Zimbabwe",2002,4,"30",0.19444445
"Zimbabwe",2003,4,"29",0.19444445
"Zimbabwe",2004,4,"27",0.24074075
"Zimbabwe",2005,4,"23",0.2951389
"Zimbabwe",2006,4,"23",0.29166666
"Zimbabwe",2007,4,"26",0.29166666
"Zimbabwe",2008,4,"24",0.29166666
"Zimbabwe",2009,4,"21",0.29166666
"Zimbabwe",2010,4,"18",0.3125
"Yemen, South",1999,3,"",NA
"Yemen, South",2000,3,"",NA
"Yemen, South",2001,3,"",NA
"Yemen, South",2002,3,"",NA
"Yemen, South",2003,3,"",NA
"Yemen, South",2004,3,"",NA
"Yemen, South",2005,3,"",NA
"Yemen, South",2006,3,"",NA
"Yemen, South",2007,3,"",NA
"Yemen, South",2008,3,"",NA
"Yemen, South",2009,3,"",NA
"Yemen, South",2010,3,"",NA
"Sudan (-2011)",1999,4,"30",0.25
"Sudan (-2011)",2000,4,"30",0.25
"Sudan (-2011)",2001,4,"",0.25
"Sudan (-2011)",2002,4,"",0.27777779
"Sudan (-2011)",2003,4,"",0.27777779
"Sudan (-2011)",2004,4,"",0.27777779
"Sudan (-2011)",2005,4,"",0.27777779
"Sudan (-2011)",2006,4,"",0.27777779
"Sudan (-2011)",2007,4,"",0.27777779
"Sudan (-2011)",2008,4,"",0.27777779
"Sudan (-2011)",2009,4,"",0.27777779
"Sudan (-2011)",2010,4,"",0.27777779
"Eswatini (former Swaziland)",1999,4,"30",NA
"Eswatini (former Swaziland)",2000,4,"30",NA
"Eswatini (former Swaziland)",2001,4,"30",NA
"Eswatini (former Swaziland)",2002,4,"30",NA
"Eswatini (former Swaziland)",2003,4,"30",NA
"Eswatini (former Swaziland)",2004,4,"30",NA
"Eswatini (former Swaziland)",2005,4,"30",NA
"Eswatini (former Swaziland)",2006,4,"30",NA
"Eswatini (former Swaziland)",2007,4,"27",NA
"Eswatini (former Swaziland)",2008,4,"25",NA
"Eswatini (former Swaziland)",2009,4,"33",NA
"Eswatini (former Swaziland)",2010,4,"36",NA
"Syria",1999,3,"10",0.58333331
"Syria",2000,3,"10",0.51851851
"Syria",2001,3,"10",0.47222221
"Syria",2002,3,"10",0.47222221
"Syria",2003,3,"10",0.47222221
"Syria",2004,3,"10",0.47222221
"Syria",2005,3,"34",0.47222221
"Syria",2006,3,"34",0.47222221
"Syria",2007,3,"34",0.47222221
"Syria",2008,3,"29",0.5
"Syria",2009,3,"24",0.5138889
"Syria",2010,3,"21",0.5138889
"Togo",1999,4,"10",0.27777779
"Togo",2000,4,"10",0.27777779
"Togo",2001,4,"10",0.27777779
"Togo",2002,4,"10",0.27314815
"Togo",2003,4,"10",0.25
"Togo",2004,4,"10",0.25
"Togo",2005,4,"10",0.25
"Togo",2006,4,"10",0.25
"Togo",2007,4,"30",0.25
"Togo",2008,4,"24",0.25
"Togo",2009,4,"23",0.25
"Togo",2010,4,"27",0.27083334
"United Arab Emirates",1999,3,"90",0.58333337
"United Arab Emirates",2000,3,"90",0.58333337
"United Arab Emirates",2001,3,"90",0.58333337
"United Arab Emirates",2002,3,"90",0.58333337
"United Arab Emirates",2003,3,"90",0.58333337
"United Arab Emirates",2004,3,"70",0.58333337
"United Arab Emirates",2005,3,"52",0.58333337
"United Arab Emirates",2006,3,"61",0.58333337
"United Arab Emirates",2007,3,"62",0.58333337
"United Arab Emirates",2008,3,"62",0.5925926
"United Arab Emirates",2009,3,"57",0.6111111
"United Arab Emirates",2010,3,"59",0.6574074
"Tunisia",1999,3,"50",0.6111111
"Tunisia",2000,3,"50",0.6111111
"Tunisia",2001,3,"50",0.60648149
"Tunisia",2002,3,"52",0.55555558
"Tunisia",2003,3,"53",0.55555558
"Tunisia",2004,3,"48",0.55555558
"Tunisia",2005,3,"49",0.55555558
"Tunisia",2006,3,"50",0.55555558
"Tunisia",2007,3,"49",0.55555558
"Tunisia",2008,3,"46",0.55555558
"Tunisia",2009,3,"42",0.55555558
"Tunisia",2010,3,"44",0.60185182
"Turkey",1999,3,"32",0.46296299
"Turkey",2000,3,"34",0.52777779
"Turkey",2001,3,"36",0.5462963
"Turkey",2002,3,"38",0.5
"Turkey",2003,3,"36",0.5300926
"Turkey",2004,3,"32",0.55555558
"Turkey",2005,3,"31",0.55555558
"Turkey",2006,3,"32",0.55555558
"Turkey",2007,3,"35",0.55555558
"Turkey",2008,3,"38",0.55555558
"Turkey",2009,3,"41",0.55555558
"Turkey",2010,3,"46",0.51851851
"Uganda",1999,4,"27",0.5
"Uganda",2000,4,"26",0.5
"Uganda",2001,4,"22",0.5
"Uganda",2002,4,"23",0.5
"Uganda",2003,4,"19",0.5
"Uganda",2004,4,"21",0.5
"Uganda",2005,4,"22",0.5
"Uganda",2006,4,"26",0.5
"Uganda",2007,4,"25",0.4861111
"Uganda",2008,4,"27",0.47222221
"Uganda",2009,4,"28",0.47222221
"Uganda",2010,4,"26",0.47222221
"Egypt",1999,3,"28",0.5
"Egypt",2000,3,"29",0.5
"Egypt",2001,3,"33",0.49768519
"Egypt",2002,3,"31",0.47222224
"Egypt",2003,3,"36",0.47222224
"Egypt",2004,3,"34",0.47222224
"Egypt",2005,3,"33",0.47222224
"Egypt",2006,3,"32",0.4861111
"Egypt",2007,3,"34",0.49768519
"Egypt",2008,3,"33",0.47222221
"Egypt",2009,3,"29",0.47222221
"Egypt",2010,3,"28",0.47222221
"Tanzania",1999,4,"30",0.47222221
"Tanzania",2000,4,"19",0.47222221
"Tanzania",2001,4,"19",0.47222221
"Tanzania",2002,4,"25",0.47222221
"Tanzania",2003,4,"22",0.47222221
"Tanzania",2004,4,"27",0.47222221
"Tanzania",2005,4,"25",0.47222221
"Tanzania",2006,4,"28",0.48842591
"Tanzania",2007,4,"29",0.5462963
"Tanzania",2008,4,"29",0.53703701
"Tanzania",2009,4,"32",0.52777779
"Tanzania",2010,4,"30",0.50694442
"Burkina Faso",1999,4,"10",0.41666669
"Burkina Faso",2000,4,"10",0.41666669
"Burkina Faso",2001,4,"10",0.41666669
"Burkina Faso",2002,4,"30",0.39351851
"Burkina Faso",2003,4,"30",0.3888889
"Burkina Faso",2004,4,"30",0.3888889
"Burkina Faso",2005,4,"30",0.3888889
"Burkina Faso",2006,4,"30",0.3888889
"Burkina Faso",2007,4,"34",0.3888889
"Burkina Faso",2008,4,"32",0.3888889
"Burkina Faso",2009,4,"29",0.3888889
"Burkina Faso",2010,4,"35",0.3888889
"Yemen, North",1999,3,"",NA
"Yemen, North",2000,3,"",NA
"Yemen, North",2001,3,"",NA
"Yemen, North",2002,3,"",NA
"Yemen, North",2003,3,"",NA
"Yemen, North",2004,3,"",NA
"Yemen, North",2005,3,"",NA
"Yemen, North",2006,3,"",NA
"Yemen, North",2007,3,"",NA
"Yemen, North",2008,3,"",NA
"Yemen, North",2009,3,"",NA
"Yemen, North",2010,3,"",NA
"Yemen",1999,3,"10",0.3611111
"Yemen",2000,3,"10",0.3611111
"Yemen",2001,3,"10",0.32407409
"Yemen",2002,3,"10",0.30555555
"Yemen",2003,3,"10",0.30555555
"Yemen",2004,3,"10",0.30555555
"Yemen",2005,3,"26",0.30555555
"Yemen",2006,3,"24",0.30555555
"Yemen",2007,3,"27",0.30555555
"Yemen",2008,3,"26",0.30555555
"Yemen",2009,3,"25",0.30555555
"Yemen",2010,3,"23",0.30555555
"Zambia",1999,4,"50",0.47222224
"Zambia",2000,4,"35",0.4537037
"Zambia",2001,4,"35",0.41666669
"Zambia",2002,4,"34",0.41666669
"Zambia",2003,4,"26",0.41666669
"Zambia",2004,4,"26",0.43981484
"Zambia",2005,4,"25",0.47222224
"Zambia",2006,4,"26",0.47222224
"Zambia",2007,4,"26",0.49074075
"Zambia",2008,4,"26",0.48148149
"Zambia",2009,4,"26",0.47222224
"Zambia",2010,4,"28",0.47222224
"Cyprus (-1974)",1999,3,"",NA
"Cyprus (-1974)",2000,3,"",NA
"Cyprus (-1974)",2001,3,"",NA
"Cyprus (-1974)",2002,3,"",NA
"Cyprus (-1974)",2003,3,"",NA
"Cyprus (-1974)",2004,3,"",NA
"Cyprus (-1974)",2005,3,"",NA
"Cyprus (-1974)",2006,3,"",NA
"Cyprus (-1974)",2007,3,"",NA
"Cyprus (-1974)",2008,3,"",NA
"Cyprus (-1974)",2009,3,"",NA
"Cyprus (-1974)",2010,3,"",NA
